time,北京南,成都东,广州南,汉口,杭州东,杭州西,上海,上海虹桥,武汉,西安北
2023-01-01,1910.0,134.0,89.0,821.0,2289.0,340.0,1062.0,3867.0,639.0,563.0
2023-01-02,5657.0,63.0,130.0,1348.0,3936.0,840.0,2136.0,9689.0,826.0,670.0
2023-01-03,4184.0,81.0,139.0,962.0,2394.0,204.0,1415.0,3408.0,631.0,610.0
2023-01-04,3617.0,230.0,155.0,1557.0,2838.0,184.0,1272.0,3773.0,1008.0,750.0
2023-01-05,3491.0,263.0,147.0,1527.0,2874.0,157.0,1427.0,4237.0,1211.0,775.0
2023-01-06,3550.0,268.0,147.0,1834.0,3558.0,372.0,1898.0,5661.0,1258.0,732.0
2023-01-07,2674.0,379.0,157.0,1261.0,3039.0,236.0,1553.0,3875.0,1132.0,796.0
2023-01-08,4167.0,401.0,143.0,1556.0,4277.0,615.0,2512.0,6729.0,1011.0,814.0
2023-01-09,4073.0,376.0,146.0,1471.0,3969.0,293.0,1755.0,5101.0,1074.0,849.0
2023-01-12,4310.0,587.0,133.0,1939.0,3373.0,335.0,1986.0,5605.0,1305.0,973.0
2023-01-13,4810.0,564.0,150.0,2024.0,3812.0,361.0,2337.0,5995.0,1318.0,1189.0
2023-01-14,3731.0,804.0,156.0,2167.0,3041.0,263.0,1658.0,3877.0,1106.0,1836.0
2023-01-15,4045.0,811.0,144.0,2097.0,3684.0,426.0,2208.0,5581.0,1027.0,1938.0
2023-01-16,3447.0,834.0,110.0,1749.0,3181.0,268.0,1765.0,4349.0,1180.0,1824.0
2023-01-17,3404.0,832.0,159.0,2851.0,2889.0,301.0,1728.0,3958.0,1193.0,2343.0
2023-01-18,3607.0,629.0,209.0,3117.0,3052.0,278.0,1494.0,3649.0,1438.0,1940.0
2023-01-19,3069.0,500.0,235.0,2988.0,2672.0,214.0,1129.0,2847.0,1636.0,2106.0
2023-01-20,2200.0,544.0,177.0,2308.0,2264.0,227.0,804.0,2392.0,1340.0,1792.0
2023-01-21,888.0,101.0,94.0,687.0,953.0,81.0,454.0,983.0,419.0,620.0
2023-01-22,2091.0,196.0,252.0,789.0,1550.0,122.0,575.0,1538.0,419.0,964.0
2023-01-23,3109.0,232.0,186.0,1250.0,2888.0,312.0,1024.0,3194.0,578.0,1011.0
2023-01-24,3520.0,154.0,286.0,1077.0,4578.0,652.0,1808.0,6207.0,707.0,662.0
2023-01-25,4090.0,167.0,352.0,954.0,6605.0,885.0,2318.0,8102.0,696.0,475.0
2023-01-26,6767.0,184.0,531.0,1179.0,7939.0,1207.0,1817.0,7783.0,707.0,626.0
2023-01-27,9106.0,239.0,649.0,1360.0,9292.0,1146.0,3110.0,7167.0,871.0,676.0
2023-01-28,6646.0,157.0,712.0,1013.0,10138.0,1238.0,3589.0,9365.0,689.0,428.0
2023-01-29,6891.0,108.0,586.0,1019.0,10493.0,1204.0,3382.0,9034.0,659.0,505.0
2023-01-30,5312.0,112.0,518.0,1002.0,9213.0,1031.0,2878.0,9503.0,724.0,586.0
2023-01-31,5205.0,112.0,317.0,998.0,8226.0,877.0,3021.0,9002.0,711.0,568.0
2023-02-01,3707.0,74.0,344.0,741.0,5510.0,497.0,2049.0,4796.0,626.0,464.0
2023-02-02,4450.0,96.0,340.0,985.0,6496.0,831.0,2787.0,8201.0,747.0,503.0
2023-02-03,4698.0,77.0,332.0,1497.0,7194.0,1353.0,3238.0,10109.0,1003.0,501.0
2023-02-04,3217.0,65.0,232.0,1198.0,6256.0,909.0,2505.0,6741.0,883.0,475.0
2023-02-05,4892.0,87.0,266.0,1247.0,7466.0,1577.0,3602.0,11867.0,861.0,484.0
2023-02-06,6513.0,145.0,334.0,1226.0,6024.0,491.0,2232.0,5737.0,1082.0,792.0
2023-02-07,6318.0,129.0,327.0,1446.0,20.0,683.0,2841.0,81.0,1178.0,5.0
2023-02-08,6124.0,113.0,322.0,1668.0,7090.0,875.0,3450.0,9867.0,1275.0,933.0
2023-02-09,6062.0,96.0,286.0,1719.0,6887.0,786.0,3428.0,9542.0,1258.0,1005.0
2023-02-10,7460.0,116.0,252.0,2612.0,8505.0,1118.0,4268.0,12523.0,1620.0,1036.0
2023-02-11,4594.0,128.0,226.0,2167.0,6729.0,744.0,3343.0,8174.0,1447.0,701.0
2023-02-12,6576.0,139.0,344.0,2269.0,8554.0,2016.0,4586.0,14597.0,1520.0,820.0
2023-02-13,5618.0,95.0,352.0,1662.0,7233.0,661.0,3383.0,9389.0,1185.0,789.0
2023-02-14,5250.0,72.0,304.0,1621.0,6401.0,686.0,3106.0,8240.0,1137.0,764.0
2023-02-15,6331.0,131.0,398.0,2005.0,7827.0,842.0,3653.0,9346.0,1314.0,884.0
2023-02-16,6353.0,130.0,350.0,2000.0,7239.0,839.0,3478.0,9823.0,1223.0,750.0
2023-02-17,7802.0,110.0,324.0,3300.0,8963.0,1641.0,4523.0,13192.0,1539.0,916.0
2023-02-18,5142.0,139.0,284.0,2317.0,7414.0,727.0,3638.0,8682.0,1246.0,935.0
2023-02-19,7421.0,127.0,338.0,2733.0,9246.0,2588.0,4799.0,15408.0,1460.0,881.0
2023-02-20,6033.0,75.0,373.0,1802.0,7458.0,711.0,3203.0,8149.0,1269.0,753.0
2023-02-21,5763.0,92.0,419.0,1685.0,6424.0,592.0,3137.0,8011.0,1133.0,773.0
2023-02-22,6592.0,157.0,417.0,2033.0,7000.0,673.0,3275.0,8820.0,1169.0,883.0
2023-02-23,6577.0,118.0,395.0,1926.0,6845.0,779.0,3346.0,9289.0,1280.0,869.0
2023-02-24,6339.0,98.0,372.0,2474.0,5464.0,711.0,2702.0,6904.0,1369.0,991.0
2023-02-25,5390.0,93.0,314.0,1825.0,7645.0,845.0,3772.0,8890.0,1207.0,907.0
2023-02-26,7994.0,128.0,413.0,2773.0,9855.0,2468.0,5168.0,16221.0,1478.0,1070.0
2023-02-27,6176.0,101.0,374.0,2024.0,8422.0,704.0,3320.0,8663.0,1304.0,791.0
2023-02-28,5869.0,72.0,326.0,1877.0,6611.0,541.0,3201.0,8157.0,1265.0,926.0
2023-03-01,5736.0,113.0,380.0,2101.0,6617.0,538.0,3341.0,8452.0,1242.0,814.0
2023-03-02,5725.0,113.0,357.0,2009.0,6588.0,525.0,3318.0,8955.0,1249.0,873.0
2023-03-03,7143.0,115.0,405.0,3140.0,9594.0,1497.0,4443.0,12609.0,1697.0,942.0
2023-03-04,3695.0,77.0,365.0,1719.0,7602.0,631.0,3533.0,7816.0,1308.0,640.0
2023-03-05,6766.0,98.0,338.0,2404.0,9846.0,1853.0,5039.0,15006.0,1747.0,838.0
2023-03-06,5199.0,75.0,314.0,2103.0,8157.0,525.0,3471.0,8249.0,1315.0,1078.0
2023-03-07,3513.0,78.0,372.0,921.0,3558.0,234.0,1782.0,3995.0,866.0,694.0
2023-03-08,5059.0,118.0,400.0,2074.0,6886.0,509.0,3237.0,8959.0,1083.0,830.0
2023-03-09,5337.0,84.0,482.0,2132.0,6970.0,641.0,3676.0,9909.0,1341.0,835.0
2023-03-10,7004.0,125.0,313.0,3249.0,10173.0,1651.0,4726.0,14114.0,1636.0,924.0
2023-03-11,4178.0,125.0,310.0,2308.0,7724.0,695.0,3801.0,8557.0,1364.0,771.0
2023-03-12,8244.0,136.0,340.0,3031.0,10533.0,2388.0,4952.0,15625.0,1729.0,888.0
2023-03-13,5896.0,116.0,646.0,2357.0,8581.0,657.0,3134.0,8691.0,1335.0,909.0
2023-03-14,5174.0,107.0,273.0,1879.0,7013.0,635.0,3301.0,8901.0,1206.0,832.0
2023-03-15,5881.0,210.0,365.0,2564.0,7579.0,746.0,3473.0,9764.0,1415.0,921.0
2023-03-16,6761.0,190.0,319.0,2647.0,7586.0,911.0,3691.0,9875.0,1387.0,897.0
2023-03-17,7723.0,157.0,354.0,3869.0,10653.0,1768.0,4518.0,14173.0,1923.0,978.0
2023-03-18,5422.0,228.0,397.0,2816.0,8372.0,864.0,3779.0,9454.0,1476.0,907.0
2023-03-19,8740.0,143.0,373.0,2881.0,11755.0,2192.0,4516.0,16854.0,1979.0,964.0
2023-03-20,7506.0,161.0,382.0,2824.0,9805.0,887.0,3640.0,9507.0,1487.0,1151.0
2023-03-21,6391.0,149.0,554.0,2402.0,7087.0,596.0,3322.0,8668.0,1354.0,949.0
2023-03-22,7089.0,240.0,341.0,2286.0,7227.0,707.0,3347.0,9807.0,1231.0,1061.0
2023-03-23,7307.0,163.0,319.0,2587.0,7228.0,803.0,3688.0,10266.0,1484.0,969.0
2023-03-24,8282.0,184.0,422.0,4109.0,10754.0,1714.0,4532.0,14969.0,2278.0,1188.0
2023-03-25,5637.0,175.0,505.0,2733.0,8611.0,967.0,4261.0,10152.0,1579.0,856.0
2023-03-26,9208.0,163.0,531.0,3240.0,12021.0,2284.0,4309.0,17568.0,1720.0,993.0
2023-03-27,7378.0,210.0,611.0,3773.0,9528.0,947.0,3833.0,10415.0,1506.0,1067.0
2023-03-28,6381.0,167.0,375.0,3066.0,7455.0,749.0,3650.0,10419.0,1273.0,919.0
2023-03-30,7465.0,143.0,439.0,2977.0,7832.0,820.0,3844.0,10819.0,1412.0,932.0
2023-03-31,8521.0,192.0,426.0,4132.0,11437.0,1769.0,4337.0,14802.0,2015.0,1042.0
2023-04-01,5764.0,178.0,428.0,3556.0,9626.0,1120.0,3908.0,9621.0,1495.0,823.0
2023-04-02,8378.0,146.0,331.0,3496.0,11340.0,2462.0,4310.0,17374.0,1691.0,930.0
2023-04-03,6194.0,171.0,389.0,2868.0,8858.0,869.0,3389.0,8737.0,1401.0,853.0
2023-04-04,3938.0,139.0,302.0,1461.0,4040.0,457.0,1804.0,4400.0,947.0,631.0
2023-04-05,5054.0,190.0,318.0,1246.0,4521.0,582.0,2103.0,5378.0,912.0,750.0
2023-04-06,6981.0,462.0,415.0,2841.0,8688.0,1048.0,3842.0,10572.0,1363.0,882.0
2023-04-07,7550.0,354.0,338.0,4066.0,12294.0,1886.0,4768.0,14618.0,1835.0,1099.0
2023-04-08,5811.0,381.0,338.0,2673.0,10524.0,1061.0,4020.0,9728.0,1344.0,824.0
2023-04-09,9772.0,376.0,392.0,3631.0,11751.0,2683.0,4184.0,16331.0,1936.0,1134.0
2023-04-10,8748.0,379.0,490.0,3372.0,9931.0,1113.0,4029.0,10635.0,1556.0,1280.0
2023-04-13,7785.0,370.0,340.0,3073.0,8211.0,1129.0,3931.0,11488.0,1440.0,1157.0
2023-04-14,8730.0,348.0,419.0,4399.0,10960.0,2522.0,4793.0,15534.0,2371.0,1517.0
2023-04-15,6646.0,411.0,369.0,3131.0,10268.0,1114.0,4008.0,10205.0,1531.0,1107.0
2023-04-16,1894.0,145.0,76.0,1450.0,4098.0,2468.0,2931.0,14340.0,224.0,1152.0
2023-04-17,7643.0,379.0,465.0,3069.0,9845.0,937.0,3941.0,11037.0,1520.0,1197.0
2023-04-18,5420.0,374.0,341.0,1969.0,5003.0,388.0,2392.0,6023.0,1039.0,964.0
2023-04-20,7369.0,369.0,393.0,2972.0,8409.0,920.0,3908.0,12103.0,1392.0,1087.0
2023-04-21,8267.0,381.0,740.0,3945.0,10153.0,1725.0,4049.0,14345.0,1900.0,1368.0
2023-04-22,7030.0,393.0,421.0,2784.0,8310.0,1086.0,3730.0,10907.0,1440.0,1208.0
2023-04-23,7718.0,205.0,442.0,3243.0,8368.0,1060.0,3521.0,11219.0,1521.0,1290.0
2023-04-24,6770.0,237.0,401.0,2549.0,7305.0,731.0,3116.0,8821.0,1332.0,1220.0
2023-04-25,6605.0,269.0,350.0,2754.0,7385.0,801.0,3376.0,9313.0,1214.0,965.0
2023-04-26,9476.0,362.0,375.0,3120.0,8197.0,996.0,3392.0,10589.0,1704.0,1280.0
2023-04-27,8009.0,801.0,407.0,2339.0,9151.0,1990.0,3250.0,11112.0,1515.0,1701.0
2023-04-28,6887.0,880.0,1127.0,1588.0,12674.0,3271.0,2639.0,8189.0,1569.0,1066.0
2023-04-29,6354.0,639.0,1064.0,1397.0,12528.0,1968.0,2284.0,5894.0,931.0,854.0
2023-04-30,6419.0,464.0,989.0,3328.0,14892.0,2654.0,2909.0,12370.0,1959.0,1769.0
2023-05-01,5580.0,128.0,451.0,3585.0,13470.0,2725.0,4011.0,16904.0,1850.0,863.0
2023-05-02,7968.0,278.0,961.0,4873.0,15097.0,2382.0,2821.0,9482.0,2208.0,1893.0
2023-05-03,5891.0,817.0,1146.0,4199.0,11245.0,2476.0,2664.0,4807.0,1772.0,1988.0
2023-05-04,11091.0,356.0,735.0,4124.0,11584.0,1206.0,3763.0,12571.0,1465.0,1272.0
2023-05-05,7198.0,266.0,406.0,2128.0,7408.0,887.0,3727.0,10203.0,1439.0,937.0
2023-05-06,5849.0,202.0,367.0,1795.0,7471.0,1054.0,3500.0,10048.0,1117.0,651.0
2023-05-07,7171.0,184.0,468.0,2041.0,7637.0,1686.0,3952.0,10952.0,1185.0,898.0
2023-05-08,7004.0,268.0,426.0,2506.0,8249.0,992.0,3666.0,9990.0,1317.0,1012.0
2023-05-09,6219.0,224.0,320.0,2229.0,7671.0,903.0,3565.0,9279.0,1191.0,977.0
2023-05-10,7190.0,310.0,325.0,2512.0,8066.0,858.0,3817.0,9881.0,1264.0,1058.0
2023-05-11,7492.0,214.0,358.0,2769.0,7944.0,803.0,3869.0,10515.0,1275.0,1063.0
2023-05-12,8779.0,196.0,221.0,2283.0,9430.0,2287.0,4433.0,14568.0,1307.0,1289.0
2023-05-13,5303.0,240.0,368.0,2540.0,8927.0,991.0,4307.0,10487.0,1401.0,877.0
2023-05-14,8076.0,220.0,426.0,3410.0,10258.0,3521.0,4347.0,16826.0,1756.0,997.0
2023-05-15,7176.0,232.0,435.0,2945.0,9510.0,1091.0,3995.0,11253.0,1380.0,1286.0
2023-05-16,6074.0,225.0,455.0,2408.0,7559.0,852.0,3771.0,10076.0,1191.0,1039.0
2023-05-17,6326.0,261.0,309.0,2480.0,7220.0,789.0,3775.0,9893.0,1279.0,1018.0
2023-05-18,6783.0,381.0,287.0,2649.0,7752.0,743.0,3957.0,10820.0,1514.0,955.0
2023-05-19,8320.0,227.0,298.0,4186.0,10194.0,2800.0,4157.0,14784.0,2184.0,1334.0
2023-05-20,5065.0,261.0,338.0,2239.0,7961.0,822.0,2902.0,6314.0,1322.0,921.0
2023-05-21,8814.0,232.0,455.0,3421.0,10537.0,3086.0,4189.0,16212.0,1796.0,1276.0
2023-05-22,6859.0,258.0,355.0,2707.0,9344.0,957.0,3865.0,10883.0,1403.0,1231.0
2023-05-23,5577.0,216.0,314.0,2115.0,7151.0,743.0,3869.0,10155.0,1148.0,1049.0
2023-05-24,6072.0,169.0,288.0,2076.0,7332.0,722.0,4036.0,10326.0,1156.0,879.0
2023-05-25,6766.0,178.0,234.0,2287.0,7828.0,824.0,3984.0,10266.0,1343.0,931.0
2023-05-26,7873.0,216.0,400.0,3575.0,9745.0,2257.0,4305.0,12812.0,1827.0,1057.0
2023-05-27,5680.0,198.0,377.0,2677.0,8029.0,879.0,3740.0,8253.0,1409.0,969.0
2023-05-28,9037.0,195.0,916.0,3260.0,9598.0,2758.0,3969.0,15409.0,1636.0,1024.0
2023-05-29,6523.0,251.0,419.0,2263.0,8242.0,795.0,3331.0,9235.0,1283.0,883.0
2023-05-30,5772.0,143.0,266.0,1990.0,6319.0,694.0,3330.0,8663.0,1029.0,873.0
2023-05-31,6106.0,110.0,261.0,2237.0,6475.0,680.0,3455.0,9041.0,1197.0,849.0
2023-06-01,6122.0,119.0,230.0,2182.0,6547.0,774.0,3409.0,8904.0,1205.0,849.0
2023-06-02,7004.0,192.0,300.0,3563.0,9539.0,1816.0,4341.0,12750.0,1556.0,1062.0
2023-06-03,5245.0,128.0,314.0,2288.0,7708.0,1017.0,3970.0,8189.0,1282.0,814.0
2023-06-04,7699.0,93.0,322.0,2921.0,9961.0,2845.0,4222.0,15062.0,1432.0,1145.0
2023-06-05,6460.0,201.0,294.0,2197.0,8183.0,899.0,3385.0,9129.0,1171.0,1066.0
2023-06-06,5771.0,131.0,293.0,2351.0,6780.0,772.0,3783.0,9555.0,1227.0,1199.0
2023-06-07,5965.0,196.0,340.0,2327.0,7062.0,775.0,3784.0,9831.0,1338.0,1085.0
2023-06-08,6327.0,216.0,373.0,2589.0,7521.0,832.0,3814.0,10138.0,1336.0,1064.0
2023-06-09,7750.0,161.0,332.0,3493.0,10312.0,2211.0,4520.0,13916.0,1603.0,1194.0
2023-06-10,5296.0,214.0,510.0,2565.0,8025.0,1055.0,4002.0,9494.0,1232.0,983.0
2023-06-11,7408.0,296.0,377.0,3104.0,10031.0,2876.0,4343.0,14777.0,1527.0,1235.0
2023-06-12,6344.0,296.0,328.0,2624.0,8894.0,1082.0,3832.0,10215.0,1252.0,1158.0
2023-06-13,6477.0,249.0,346.0,2695.0,1529.0,53.0,1408.0,3903.0,1412.0,1128.0
2023-06-14,6611.0,201.0,363.0,2767.0,8497.0,960.0,3973.0,10871.0,1573.0,1099.0
2023-06-15,7617.0,255.0,307.0,2885.0,8469.0,994.0,4160.0,10844.0,1326.0,1325.0
2023-06-16,7670.0,382.0,535.0,3733.0,9873.0,1804.0,4674.0,13969.0,1624.0,1312.0
2023-06-17,5904.0,454.0,471.0,2966.0,9020.0,1300.0,3836.0,9822.0,1386.0,1442.0
2023-06-18,7314.0,468.0,540.0,3170.0,9837.0,2325.0,4376.0,14237.0,1494.0,1358.0
2023-06-19,7226.0,405.0,358.0,2901.0,9727.0,1097.0,3858.0,10826.0,1458.0,1467.0
2023-06-20,8241.0,558.0,440.0,2890.0,8909.0,1362.0,4545.0,11532.0,1383.0,2122.0
2023-06-21,11881.0,588.0,653.0,3682.0,15079.0,2187.0,4440.0,14603.0,1772.0,2599.0
2023-06-22,11543.0,508.0,673.0,3865.0,14353.0,1608.0,3066.0,10555.0,1495.0,2756.0
2023-06-23,9657.0,693.0,472.0,3420.0,11158.0,2582.0,5605.0,13117.0,2131.0,2798.0
2023-06-24,13466.0,437.0,491.0,5855.0,15919.0,3800.0,4056.0,17173.0,2030.0,2464.0
2023-06-25,11726.0,625.0,554.0,3556.0,10947.0,1721.0,3476.0,14375.0,1598.0,2387.0
2023-06-26,9848.0,552.0,528.0,2795.0,8200.0,1096.0,3777.0,11672.0,1392.0,2195.0
2023-06-27,8669.0,557.0,453.0,2802.0,7615.0,1100.0,3930.0,12011.0,1181.0,2070.0
2023-06-29,9626.0,776.0,544.0,3315.0,8861.0,1392.0,3842.0,13006.0,1522.0,2390.0
2023-06-30,9548.0,927.0,688.0,3360.0,9253.0,2582.0,3880.0,16035.0,2199.0,2288.0
2023-07-01,9370.0,1214.0,696.0,2580.0,9479.0,1652.0,3785.0,12229.0,1798.0,2012.0
2023-07-02,10622.0,1148.0,633.0,3143.0,8706.0,2693.0,3758.0,13926.0,1837.0,2126.0
2023-07-03,10582.0,1097.0,622.0,3053.0,8073.0,1945.0,3642.0,13059.0,1813.0,2608.0
2023-07-05,9078.0,877.0,612.0,2559.0,8495.0,1724.0,3825.0,12235.0,1922.0,2324.0
2023-07-06,8871.0,693.0,580.0,2620.0,8458.0,1839.0,3742.0,13121.0,1888.0,2094.0
2023-07-07,7985.0,805.0,635.0,3044.0,9278.0,2380.0,3803.0,13564.0,2322.0,1765.0
2023-07-08,7364.0,950.0,617.0,2361.0,9621.0,1951.0,3365.0,11537.0,1706.0,1918.0
2023-07-09,8662.0,964.0,601.0,2738.0,9233.0,2956.0,3030.0,14685.0,2011.0,1844.0
2023-07-10,8025.0,948.0,613.0,2381.0,8424.0,1494.0,2706.0,9532.0,1454.0,1992.0
2023-07-11,7085.0,692.0,450.0,2444.0,8309.0,1702.0,3635.0,11800.0,1450.0,1631.0
2023-07-12,7241.0,697.0,676.0,2842.0,8502.0,1568.0,3812.0,11999.0,1486.0,1924.0
2023-07-13,8049.0,671.0,506.0,2810.0,8831.0,1547.0,3743.0,11609.0,1659.0,1851.0
2023-07-14,8187.0,759.0,656.0,3482.0,9476.0,1934.0,3546.0,11205.0,2551.0,1940.0
2023-07-15,6027.0,635.0,721.0,2125.0,4306.0,569.0,2356.0,6900.0,927.0,218.0
2023-07-16,94.0,653.0,81.0,2307.0,3275.0,1208.0,1295.0,11431.0,49.0,1009.0
2023-07-17,7427.0,671.0,633.0,2490.0,9960.0,1576.0,2562.0,9041.0,1414.0,1801.0
2023-07-18,6371.0,635.0,692.0,2258.0,6891.0,848.0,2487.0,6559.0,1340.0,1615.0
2023-07-19,7307.0,621.0,687.0,2526.0,8821.0,1283.0,3377.0,11194.0,1617.0,1799.0
2023-07-20,7723.0,720.0,675.0,2797.0,9015.0,1409.0,3603.0,12866.0,1710.0,1869.0
2023-07-21,8170.0,678.0,755.0,3577.0,10450.0,1844.0,4090.0,15348.0,2150.0,1723.0
2023-07-22,6963.0,726.0,771.0,2979.0,9355.0,1284.0,3530.0,10771.0,1699.0,2176.0
2023-07-23,8686.0,735.0,719.0,3039.0,11222.0,2975.0,3799.0,16439.0,2059.0,1918.0
2023-07-24,8257.0,647.0,697.0,2705.0,10346.0,1736.0,3469.0,11412.0,1746.0,2066.0
2023-07-25,7233.0,586.0,722.0,2302.0,7319.0,854.0,2791.0,7198.0,1338.0,2126.0
2023-07-26,8003.0,700.0,687.0,2773.0,9205.0,1577.0,3864.0,12119.0,1731.0,2050.0
2023-07-27,7383.0,610.0,800.0,2753.0,7935.0,951.0,2984.0,8628.0,1650.0,2155.0
2023-07-28,8638.0,721.0,754.0,3950.0,10256.0,1867.0,3689.0,12386.0,2517.0,1939.0
2023-07-29,7606.0,1019.0,827.0,2752.0,8495.0,1063.0,3219.0,9331.0,1847.0,2279.0
2023-07-30,8456.0,959.0,844.0,3137.0,10343.0,3590.0,3519.0,14174.0,1948.0,2320.0
2023-07-31,7380.0,779.0,885.0,2853.0,8879.0,1218.0,2641.0,7915.0,1635.0,2283.0
2023-08-01,6872.0,740.0,676.0,2567.0,7024.0,820.0,2657.0,6784.0,1374.0,1956.0
2023-08-02,7162.0,697.0,695.0,2685.0,7151.0,924.0,2859.0,7412.0,1677.0,2057.0
2023-08-03,7162.0,697.0,695.0,2685.0,7151.0,924.0,2859.0,7412.0,1677.0,2057.0
2023-08-04,7536.0,703.0,734.0,3700.0,10081.0,2111.0,3755.0,11950.0,2373.0,2482.0
2023-08-05,6916.0,977.0,879.0,3124.0,9410.0,1341.0,3169.0,9130.0,2227.0,2146.0
2023-08-06,8794.0,849.0,895.0,3617.0,11385.0,4090.0,4142.0,16238.0,2326.0,2128.0
2023-08-07,8577.0,708.0,764.0,3095.0,10637.0,1638.0,2830.0,10734.0,1801.0,2215.0
2023-08-08,7962.0,666.0,640.0,2630.0,8716.0,1024.0,2905.0,7431.0,1808.0,1967.0
2023-08-09,7672.0,658.0,605.0,2738.0,9556.0,2168.0,4076.0,12407.0,1888.0,2024.0
2023-08-10,7779.0,635.0,736.0,3044.0,9853.0,2156.0,4090.0,13059.0,1858.0,1809.0
2023-08-11,7839.0,827.0,729.0,3628.0,11940.0,2776.0,4722.0,15072.0,2389.0,1635.0
2023-08-12,7541.0,903.0,847.0,2833.0,9967.0,1629.0,3340.0,10053.0,2255.0,1884.0
2023-08-13,8645.0,722.0,773.0,3338.0,11435.0,4136.0,3584.0,15480.0,2368.0,1804.0
2023-08-14,8097.0,730.0,704.0,2802.0,9925.0,1396.0,2812.0,9674.0,1898.0,1984.0
2023-08-15,7605.0,659.0,589.0,2516.0,8794.0,1153.0,2980.0,7916.0,1673.0,1716.0
2023-08-16,7478.0,671.0,617.0,2663.0,8792.0,1356.0,3058.0,8453.0,1765.0,1743.0
2023-08-17,7431.0,576.0,617.0,3319.0,9141.0,1650.0,3110.0,9094.0,1663.0,1827.0
2023-08-18,7688.0,799.0,681.0,3479.0,11202.0,2706.0,3970.0,12409.0,2193.0,2035.0
2023-08-19,7666.0,787.0,654.0,3059.0,10628.0,2673.0,3995.0,12592.0,1950.0,1656.0
2023-08-20,8502.0,703.0,736.0,3443.0,11236.0,3804.0,3820.0,14515.0,2126.0,1857.0
2023-08-21,7753.0,691.0,661.0,3101.0,10101.0,2357.0,3581.0,12220.0,1909.0,1754.0
2023-08-22,6883.0,466.0,548.0,2599.0,7263.0,1034.0,2974.0,7228.0,1552.0,1741.0
2023-08-23,7250.0,552.0,616.0,2810.0,7821.0,1081.0,2998.0,7760.0,1570.0,1781.0
2023-08-24,6853.0,480.0,586.0,2817.0,7984.0,1102.0,3086.0,7936.0,1800.0,1575.0
2023-08-25,7394.0,623.0,621.0,3418.0,9307.0,2108.0,3765.0,10765.0,2188.0,1615.0
2023-08-26,6632.0,585.0,632.0,2681.0,8276.0,1290.0,3111.0,7972.0,1693.0,1746.0
2023-08-27,8017.0,694.0,657.0,3445.0,9708.0,3194.0,4107.0,14825.0,1908.0,1610.0
2023-08-28,7077.0,391.0,655.0,2775.0,8979.0,1303.0,3115.0,9125.0,1425.0,1169.0
2023-08-29,5743.0,355.0,419.0,2299.0,6964.0,971.0,3360.0,8659.0,1231.0,932.0
2023-08-30,5700.0,369.0,438.0,1802.0,5206.0,718.0,2727.0,6040.0,1076.0,810.0
2023-09-04,5986.0,413.0,663.0,2075.0,7527.0,1026.0,3347.0,8392.0,1205.0,893.0
2023-09-05,5960.0,227.0,395.0,1998.0,7116.0,892.0,3551.0,8553.0,1128.0,877.0
2023-09-06,6196.0,245.0,345.0,2158.0,7736.0,1259.0,3686.0,9526.0,1158.0,876.0
2023-09-07,6518.0,275.0,437.0,2314.0,7756.0,1161.0,3638.0,10088.0,1248.0,1091.0
2023-09-08,7577.0,385.0,481.0,3644.0,9181.0,2051.0,4512.0,13572.0,1535.0,1087.0
2023-09-09,6016.0,281.0,459.0,2143.0,7782.0,1062.0,3883.0,9493.0,1206.0,872.0
2023-09-10,8536.0,434.0,606.0,2729.0,9302.0,2884.0,3861.0,14828.0,1520.0,1073.0
2023-09-11,7045.0,346.0,523.0,2103.0,8598.0,1179.0,3801.0,9786.0,1287.0,1090.0
2023-09-12,6043.0,382.0,382.0,2011.0,6539.0,717.0,3510.0,9072.0,1164.0,886.0
2023-09-13,6376.0,234.0,386.0,2278.0,6422.0,741.0,3657.0,9506.0,1089.0,958.0
2023-09-14,6678.0,205.0,321.0,2485.0,6581.0,809.0,3695.0,9482.0,1126.0,1035.0
2023-09-15,7426.0,305.0,435.0,3276.0,9103.0,1413.0,4580.0,13164.0,1549.0,1145.0
2023-09-16,4886.0,336.0,466.0,2347.0,8513.0,1067.0,4288.0,9995.0,1116.0,929.0
2023-09-17,8666.0,351.0,501.0,2996.0,10383.0,1977.0,4409.0,16391.0,1704.0,1069.0
2023-09-19,6388.0,503.0,405.0,2273.0,6821.0,824.0,3616.0,9879.0,1179.0,894.0
2023-09-20,7011.0,328.0,310.0,2319.0,6678.0,850.0,3788.0,10357.0,1380.0,936.0
2023-09-21,7005.0,263.0,289.0,2330.0,6451.0,832.0,4002.0,10455.0,1190.0,1090.0
2023-09-22,8278.0,216.0,593.0,3797.0,8900.0,1561.0,4199.0,13268.0,1851.0,1256.0
2023-09-23,5510.0,274.0,431.0,2098.0,7468.0,987.0,3457.0,8793.0,1185.0,1265.0
2023-09-24,7621.0,236.0,334.0,2793.0,9501.0,1957.0,4599.0,13533.0,1682.0,1139.0
2023-09-25,5768.0,208.0,300.0,2730.0,7504.0,954.0,3187.0,8519.0,1388.0,989.0
2023-09-26,6174.0,438.0,395.0,2420.0,6658.0,868.0,3281.0,7923.0,1294.0,1455.0
2023-09-27,7011.0,905.0,816.0,1743.0,7996.0,1230.0,3036.0,7632.0,993.0,943.0
2023-09-28,8684.0,1197.0,1264.0,1547.0,9918.0,3061.0,2639.0,9491.0,1126.0,556.0
2023-09-29,5924.0,818.0,1545.0,1339.0,9829.0,2517.0,1922.0,5761.0,1042.0,732.0
2023-09-30,7185.0,728.0,1463.0,2052.0,10362.0,2667.0,3094.0,6859.0,698.0,846.0
2023-10-01,4387.0,585.0,786.0,2238.0,11368.0,3611.0,3546.0,9282.0,1546.0,1461.0
2023-10-02,5001.0,334.0,405.0,3757.0,12656.0,3335.0,4691.0,14083.0,1923.0,1143.0
2023-10-03,7422.0,272.0,736.0,4357.0,11443.0,3076.0,4787.0,15112.0,1866.0,1189.0
2023-10-04,10399.0,470.0,990.0,4399.0,8781.0,3505.0,3084.0,12354.0,1759.0,2114.0
2023-10-05,8381.0,1195.0,1294.0,3647.0,9666.0,2668.0,2639.0,11685.0,1568.0,1741.0
2023-10-06,9544.0,771.0,1040.0,2885.0,19.0,2191.0,998.0,607.0,1388.0,1375.0
2023-10-07,10707.0,348.0,787.0,2123.0,9658.0,1715.0,3695.0,12985.0,1209.0,1008.0
2023-10-08,8345.0,285.0,523.0,1945.0,8064.0,1528.0,1828.0,6557.0,1617.0,997.0
2023-10-09,6282.0,350.0,375.0,1547.0,6585.0,956.0,3377.0,8683.0,1051.0,902.0
2023-10-12,6621.0,251.0,413.0,2019.0,7002.0,1067.0,4091.0,10404.0,1335.0,897.0
2023-10-13,7944.0,219.0,357.0,3368.0,9443.0,1853.0,4789.0,14785.0,1791.0,1135.0
2023-10-14,5603.0,228.0,522.0,2035.0,8338.0,1263.0,4115.0,10827.0,1210.0,1098.0
2023-10-15,7833.0,243.0,485.0,2737.0,9510.0,3235.0,5178.0,14718.0,1902.0,975.0
2023-10-16,7621.0,296.0,360.0,2353.0,8483.0,1230.0,3689.0,9506.0,1350.0,1218.0
2023-10-17,6516.0,222.0,298.0,2068.0,7181.0,931.0,3759.0,9285.0,1313.0,945.0
2023-10-18,7231.0,226.0,331.0,2402.0,8020.0,1093.0,4111.0,10131.0,1423.0,1064.0
2023-10-19,8028.0,199.0,402.0,2846.0,8222.0,1163.0,4290.0,11173.0,1586.0,1185.0
2023-10-20,9137.0,228.0,473.0,3495.0,10757.0,1822.0,4935.0,15294.0,2363.0,1545.0
2023-10-21,5870.0,255.0,490.0,2592.0,8735.0,1259.0,4608.0,10048.0,1576.0,922.0
2023-10-22,10193.0,263.0,588.0,3486.0,9778.0,2811.0,4642.0,15962.0,2600.0,1151.0
2023-10-23,8060.0,217.0,508.0,2213.0,8815.0,1241.0,3730.0,10284.0,1621.0,1155.0
2023-10-24,7058.0,208.0,328.0,2054.0,6952.0,863.0,3848.0,9451.0,1315.0,923.0
2023-10-25,7231.0,202.0,296.0,2310.0,7200.0,835.0,4129.0,9980.0,1508.0,1066.0
2023-10-26,7146.0,213.0,322.0,2735.0,7625.0,1037.0,4133.0,10308.0,1692.0,1093.0
2023-10-27,8842.0,195.0,377.0,3468.0,10022.0,1828.0,4744.0,14662.0,2179.0,1182.0
2023-10-29,9916.0,234.0,675.0,3700.0,10409.0,2929.0,5215.0,16905.0,2272.0,1059.0
2023-10-30,6990.0,248.0,455.0,2433.0,9407.0,1560.0,3796.0,10252.0,1583.0,919.0
2023-10-31,6015.0,151.0,380.0,1928.0,7059.0,856.0,3673.0,8465.0,1272.0,757.0
2023-11-01,6267.0,222.0,284.0,2180.0,7111.0,879.0,3686.0,8901.0,1337.0,819.0
2023-11-02,6655.0,143.0,262.0,2067.0,6966.0,910.0,3758.0,9371.0,1350.0,796.0
2023-11-03,7736.0,136.0,254.0,3126.0,9953.0,1871.0,4587.0,13524.0,1855.0,924.0
2023-11-04,4995.0,134.0,241.0,2255.0,8750.0,1218.0,3705.0,9089.0,1504.0,559.0
2023-11-05,8649.0,155.0,304.0,3133.0,9644.0,2557.0,4552.0,16055.0,2118.0,855.0
2023-11-06,6902.0,131.0,490.0,2358.0,8422.0,1278.0,3638.0,9974.0,1529.0,758.0
2023-11-07,5806.0,96.0,300.0,1955.0,6543.0,865.0,3657.0,8998.0,1199.0,699.0
2023-11-08,6664.0,125.0,247.0,2007.0,7017.0,931.0,3669.0,9511.0,1291.0,811.0
2023-11-09,7385.0,107.0,256.0,2211.0,7101.0,923.0,3839.0,9877.0,1446.0,759.0
2023-11-10,8057.0,143.0,300.0,3016.0,10361.0,1695.0,4617.0,13658.0,1744.0,890.0
2023-11-11,5261.0,125.0,277.0,2156.0,7685.0,1016.0,4175.0,9997.0,1398.0,610.0
2023-11-12,9252.0,119.0,334.0,3958.0,10827.0,2980.0,6296.0,21848.0,2427.0,912.0
2023-11-13,7255.0,101.0,301.0,2751.0,9860.0,1345.0,4424.0,11640.0,1925.0,870.0
2023-11-14,5979.0,119.0,227.0,2030.0,7336.0,824.0,3938.0,8910.0,1178.0,729.0
2023-11-15,6602.0,145.0,310.0,2082.0,7565.0,859.0,4096.0,9945.0,1274.0,797.0
2023-11-16,6791.0,139.0,278.0,2483.0,7656.0,930.0,4293.0,10984.0,1366.0,792.0
2023-11-17,7706.0,165.0,385.0,3446.0,10603.0,1604.0,5177.0,15594.0,1799.0,816.0
2023-11-18,5019.0,96.0,310.0,2958.0,9152.0,1272.0,4678.0,11424.0,1458.0,736.0
2023-11-19,8652.0,95.0,397.0,3441.0,10161.0,2375.0,5064.0,19042.0,2004.0,811.0
2023-11-20,6594.0,101.0,367.0,2445.0,8877.0,1289.0,4160.0,9955.0,1576.0,816.0
2023-11-21,5831.0,108.0,285.0,1881.0,7120.0,820.0,3801.0,9279.0,1284.0,767.0
2023-11-22,6373.0,99.0,291.0,2394.0,7370.0,915.0,3740.0,9431.0,1296.0,832.0
2023-11-23,6493.0,99.0,311.0,2287.0,7503.0,886.0,3931.0,9689.0,1281.0,932.0
2023-11-24,8188.0,83.0,398.0,3542.0,10124.0,1610.0,4618.0,13501.0,1540.0,900.0
2023-11-25,4971.0,137.0,233.0,3062.0,8493.0,1114.0,4405.0,10255.0,1716.0,665.0
2023-11-26,8538.0,65.0,354.0,3366.0,10451.0,2265.0,5805.0,20177.0,1893.0,758.0
2023-11-27,6807.0,77.0,320.0,2205.0,8229.0,1091.0,3965.0,9189.0,1503.0,786.0
2023-11-28,5654.0,78.0,283.0,1819.0,6476.0,750.0,3779.0,9107.0,1198.0,792.0
2023-11-29,5755.0,84.0,243.0,1887.0,6732.0,811.0,3836.0,9141.0,1308.0,720.0
2023-11-30,6241.0,69.0,262.0,2047.0,6732.0,846.0,3978.0,9631.0,1286.0,786.0
2023-12-01,7415.0,87.0,294.0,2935.0,10110.0,1617.0,4827.0,12947.0,1618.0,833.0
2023-12-02,4240.0,75.0,272.0,1919.0,7959.0,1065.0,4022.0,9575.0,1375.0,732.0
2023-12-03,7764.0,93.0,399.0,2868.0,9778.0,2906.0,5905.0,18737.0,1872.0,796.0
2023-12-04,6168.0,68.0,405.0,2026.0,7651.0,1153.0,3847.0,9559.0,1428.0,744.0
2023-12-05,5595.0,75.0,250.0,1652.0,6294.0,712.0,3593.0,8191.0,1262.0,688.0
2023-12-06,6185.0,69.0,275.0,1794.0,6920.0,839.0,3718.0,8948.0,1336.0,803.0
2023-12-07,6407.0,71.0,305.0,1886.0,6703.0,837.0,4061.0,9659.0,1361.0,697.0
2023-12-08,7732.0,68.0,391.0,3179.0,9319.0,1757.0,4845.0,13547.0,1534.0,820.0
2023-12-09,4597.0,68.0,293.0,1755.0,8135.0,1186.0,4094.0,9266.0,1204.0,613.0
2023-12-10,8126.0,66.0,300.0,2889.0,10232.0,2506.0,5857.0,17127.0,2000.0,685.0
2023-12-11,6501.0,133.0,307.0,2331.0,7561.0,1006.0,3720.0,7944.0,1560.0,854.0
2023-12-12,5949.0,95.0,255.0,1780.0,6104.0,657.0,3436.0,8012.0,1287.0,642.0
2023-12-13,6373.0,72.0,205.0,1643.0,6290.0,755.0,3449.0,8676.0,1281.0,746.0
2023-12-14,7197.0,86.0,247.0,1960.0,6317.0,892.0,4364.0,9147.0,1368.0,587.0
2023-12-15,8461.0,158.0,365.0,3018.0,8983.0,1659.0,5035.0,12641.0,1826.0,959.0
2023-12-16,6754.0,86.0,295.0,1610.0,7733.0,1145.0,3615.0,8758.0,1231.0,763.0
2023-12-17,6218.0,78.0,275.0,2221.0,8633.0,1981.0,4744.0,14197.0,1457.0,742.0
2023-12-18,5780.0,78.0,301.0,1881.0,6840.0,891.0,3135.0,8016.0,1801.0,739.0
2023-12-19,5219.0,96.0,217.0,1860.0,6442.0,859.0,3286.0,7881.0,1678.0,576.0
2023-12-20,5711.0,81.0,147.0,1930.0,6041.0,816.0,3460.0,8772.0,1226.0,612.0
2023-12-21,5724.0,98.0,216.0,1834.0,6187.0,723.0,3769.0,9078.0,1297.0,615.0
2023-12-22,6603.0,104.0,196.0,2523.0,8234.0,1242.0,4516.0,12697.0,1382.0,614.0
2023-12-23,3270.0,74.0,163.0,1670.0,6220.0,615.0,3689.0,8454.0,1037.0,213.0
2023-12-24,5020.0,83.0,159.0,2234.0,8415.0,1347.0,4877.0,13663.0,1342.0,272.0
2023-12-25,4471.0,72.0,236.0,1704.0,6349.0,791.0,3806.0,8752.0,1266.0,260.0
2023-12-26,5397.0,90.0,201.0,1702.0,6246.0,712.0,3335.0,8013.0,1208.0,655.0
2023-12-28,5672.0,243.0,291.0,2367.0,6327.0,1027.0,3560.0,8710.0,1411.0,874.0
2023-12-29,8099.0,189.0,480.0,4241.0,8307.0,2121.0,3296.0,10237.0,1926.0,1582.0
2023-12-30,4947.0,98.0,426.0,4310.0,12699.0,1870.0,4129.0,11510.0,1648.0,730.0
2023-12-31,2686.0,75.0,170.0,1657.0,10024.0,2292.0,4847.0,12585.0,1212.0,360.0
2024-01-02,7045.0,119.0,349.0,2368.0,9738.0,1895.0,4240.0,11716.0,1389.0,662.0
2024-01-03,5292.0,124.0,336.0,1817.0,6412.0,892.0,3462.0,8205.0,1288.0,716.0
2024-01-04,5134.0,102.0,207.0,1691.0,6171.0,792.0,3472.0,8091.0,1241.0,582.0
2024-01-05,5658.0,173.0,234.0,2057.0,7850.0,1273.0,4019.0,10461.0,1744.0,573.0
2024-01-06,3576.0,149.0,202.0,1571.0,6491.0,903.0,3191.0,7094.0,1161.0,591.0
2024-01-07,5968.0,125.0,400.0,2007.0,8464.0,2063.0,4731.0,12380.0,1787.0,655.0
2024-01-08,6210.0,118.0,300.0,1853.0,6991.0,962.0,3472.0,8163.0,1324.0,769.0
2024-01-09,5917.0,163.0,246.0,1998.0,6611.0,857.0,3527.0,8016.0,1324.0,748.0
2024-01-10,6510.0,274.0,272.0,2213.0,6586.0,1031.0,3659.0,8979.0,1386.0,1004.0
2024-01-11,6445.0,316.0,288.0,2350.0,6779.0,1068.0,3847.0,9496.0,1426.0,883.0
2024-01-12,6950.0,326.0,279.0,3009.0,8773.0,1891.0,4630.0,12874.0,1624.0,868.0
2024-01-13,4445.0,385.0,259.0,2140.0,7097.0,1108.0,3673.0,8580.0,1334.0,823.0
2024-01-14,5405.0,314.0,259.0,2120.0,2590.0,442.0,1798.0,8130.0,1376.0,816.0
2024-01-15,6365.0,245.0,260.0,2100.0,7067.0,1194.0,3527.0,9627.0,1419.0,810.0
2024-01-16,6013.0,249.0,292.0,2123.0,6318.0,1036.0,3686.0,8960.0,1312.0,832.0
2024-01-17,6657.0,308.0,274.0,2112.0,6588.0,1210.0,3667.0,9980.0,1402.0,854.0
2024-01-18,7652.0,385.0,372.0,2395.0,6459.0,1024.0,4105.0,10483.0,1328.0,1072.0
2024-01-19,8818.0,510.0,461.0,3507.0,8114.0,1817.0,4501.0,12185.0,1744.0,1292.0
2024-01-20,5455.0,505.0,400.0,2347.0,6993.0,1182.0,3893.0,8464.0,1432.0,951.0
2024-01-21,7445.0,357.0,354.0,2572.0,8261.0,2157.0,4986.0,14522.0,1346.0,982.0
2024-01-22,7233.0,291.0,372.0,2336.0,6807.0,1113.0,3509.0,9719.0,1443.0,987.0
2024-01-23,6572.0,364.0,293.0,2330.0,6506.0,923.0,3562.0,8904.0,1315.0,845.0
2024-01-24,7263.0,360.0,291.0,2436.0,6453.0,937.0,3658.0,9277.0,1250.0,1042.0
2024-01-25,7317.0,370.0,335.0,2604.0,6405.0,947.0,3689.0,9607.0,1259.0,1032.0
2024-01-26,8534.0,745.0,448.0,3285.0,8349.0,1531.0,4545.0,12672.0,1908.0,1645.0
2024-01-27,6733.0,859.0,585.0,2790.0,7355.0,1260.0,3778.0,9490.0,1700.0,1454.0
2024-01-28,8855.0,790.0,415.0,3427.0,8745.0,2747.0,4926.0,16146.0,1855.0,1435.0
2024-01-29,7380.0,826.0,395.0,3022.0,7214.0,1230.0,3679.0,9693.0,1733.0,1518.0
2024-01-30,7631.0,904.0,379.0,3099.0,5861.0,931.0,3653.0,9004.0,2002.0,1372.0
2024-01-31,8147.0,1381.0,382.0,3213.0,6141.0,1058.0,3704.0,9001.0,2378.0,1893.0
2024-02-01,7595.0,1350.0,395.0,2146.0,5653.0,1088.0,3292.0,7956.0,2017.0,1315.0
2024-02-02,7016.0,2585.0,493.0,2363.0,5550.0,1034.0,3166.0,8519.0,2750.0,1568.0
2024-02-03,6254.0,1885.0,620.0,3135.0,5092.0,676.0,2541.0,6445.0,2103.0,1721.0
2024-02-04,6326.0,1795.0,556.0,2817.0,4882.0,741.0,2275.0,6556.0,2161.0,1017.0
2024-02-05,6481.0,2641.0,700.0,1919.0,5256.0,975.0,2091.0,6192.0,1582.0,914.0
2024-02-06,6974.0,2267.0,752.0,2481.0,5065.0,846.0,1857.0,5528.0,1079.0,1038.0
2024-02-07,6376.0,2416.0,839.0,2063.0,5250.0,931.0,1797.0,4940.0,1258.0,1203.0
2024-02-08,5546.0,2437.0,956.0,2413.0,4689.0,901.0,1377.0,3974.0,1513.0,1364.0
2024-02-09,2932.0,622.0,538.0,2950.0,2151.0,228.0,864.0,2172.0,1149.0,1113.0
2024-02-10,6267.0,514.0,938.0,1534.0,2924.0,361.0,1416.0,2939.0,981.0,1385.0
2024-02-11,6023.0,635.0,1017.0,1877.0,5761.0,775.0,2657.0,6176.0,1120.0,1553.0
2024-02-12,6530.0,411.0,977.0,1574.0,8676.0,1608.0,3705.0,11044.0,1125.0,1699.0
2024-02-13,6722.0,355.0,716.0,2079.0,10169.0,2276.0,4198.0,12269.0,1010.0,1241.0
2024-02-14,8019.0,346.0,651.0,1908.0,8589.0,2692.0,2995.0,9926.0,1060.0,1368.0
2024-02-15,10349.0,479.0,658.0,2061.0,8280.0,3230.0,2265.0,7424.0,956.0,1517.0
2024-02-16,10527.0,381.0,1051.0,1606.0,7197.0,2918.0,2376.0,7470.0,801.0,1211.0
2024-02-17,10285.0,379.0,1058.0,1524.0,7436.0,3685.0,3779.0,7968.0,814.0,1011.0
2024-02-18,9379.0,199.0,715.0,1082.0,9498.0,4056.0,3737.0,10332.0,667.0,842.0
2024-02-19,6963.0,245.0,388.0,963.0,8826.0,2364.0,3039.0,9736.0,729.0,676.0
2024-02-20,5580.0,127.0,197.0,1037.0,8579.0,1743.0,2767.0,8301.0,696.0,571.0
2024-02-21,5671.0,131.0,234.0,1141.0,7708.0,1630.0,2810.0,7004.0,825.0,737.0
2024-02-22,7253.0,110.0,191.0,1010.0,7466.0,1324.0,3162.0,8618.0,849.0,579.0
2024-02-23,5626.0,116.0,163.0,1648.0,7678.0,1757.0,3304.0,9923.0,1205.0,670.0
2024-02-24,3997.0,83.0,207.0,1583.0,5728.0,1181.0,2074.0,6213.0,1018.0,907.0
2024-02-25,8273.0,113.0,241.0,2476.0,8177.0,2298.0,4197.0,13816.0,1386.0,1076.0
2024-02-26,6641.0,84.0,204.0,2009.0,8248.0,1556.0,3379.0,9226.0,1239.0,779.0
2024-02-27,5633.0,66.0,169.0,1618.0,6906.0,1392.0,3466.0,9330.0,1190.0,652.0
2024-02-28,6338.0,80.0,141.0,1579.0,7003.0,1163.0,3478.0,9640.0,1138.0,676.0
2024-02-29,6093.0,86.0,147.0,1670.0,6686.0,1182.0,3594.0,9885.0,1193.0,692.0
2024-03-01,6796.0,90.0,200.0,2805.0,8428.0,2013.0,4682.0,13159.0,1501.0,792.0
2024-03-02,3759.0,87.0,170.0,1785.0,7203.0,1248.0,3290.0,8162.0,1060.0,552.0
2024-03-03,6841.0,96.0,244.0,2734.0,9076.0,2856.0,4646.0,14926.0,1269.0,619.0
2024-03-04,5328.0,49.0,196.0,1665.0,7264.0,1239.0,3240.0,7934.0,1238.0,697.0
2024-03-05,5139.0,56.0,168.0,1559.0,6158.0,918.0,3242.0,7901.0,1150.0,570.0
2024-03-06,5572.0,80.0,189.0,1642.0,6551.0,1062.0,3750.0,9414.0,1185.0,671.0
2024-03-07,5760.0,48.0,169.0,1982.0,6866.0,1013.0,3784.0,10234.0,1311.0,668.0
2024-03-08,6883.0,80.0,157.0,3639.0,9446.0,1909.0,4769.0,13672.0,1364.0,744.0
2024-03-09,3535.0,86.0,187.0,1827.0,7501.0,1280.0,3523.0,8276.0,1134.0,505.0
2024-03-10,7299.0,63.0,227.0,2851.0,10052.0,3084.0,5644.0,15562.0,1619.0,531.0
2024-03-11,5757.0,62.0,228.0,1866.0,8009.0,1413.0,3532.0,8839.0,1263.0,694.0
2024-03-12,5621.0,80.0,155.0,1749.0,6831.0,1055.0,3737.0,9268.0,1159.0,652.0
2024-03-13,6054.0,122.0,182.0,1913.0,7054.0,1118.0,3812.0,9895.0,1261.0,610.0
2024-03-14,6326.0,187.0,177.0,2165.0,7230.0,1162.0,3900.0,10140.0,1282.0,692.0
2024-03-15,7574.0,246.0,250.0,3717.0,10900.0,2046.0,4882.0,13420.0,2022.0,908.0
2024-03-16,4576.0,171.0,184.0,2301.0,8850.0,1328.0,3167.0,6823.0,1425.0,545.0
2024-03-17,8503.0,137.0,207.0,3241.0,9625.0,3148.0,3648.0,9227.0,1570.0,620.0
2024-03-18,6780.0,139.0,228.0,2148.0,8385.0,1355.0,3911.0,9731.0,1467.0,793.0
2024-03-19,6518.0,78.0,194.0,2159.0,7100.0,1104.0,3844.0,9804.0,1145.0,697.0
2024-03-20,6563.0,113.0,177.0,2344.0,7594.0,1406.0,4232.0,11307.0,1252.0,771.0
2024-03-21,6877.0,101.0,220.0,2762.0,7309.0,1255.0,4200.0,11011.0,1401.0,814.0
2024-03-22,7968.0,151.0,213.0,3575.0,11202.0,1931.0,5302.0,14347.0,1912.0,835.0
2024-03-23,5665.0,102.0,172.0,2913.0,8372.0,1426.0,4052.0,9116.0,1477.0,680.0
2024-03-24,8955.0,89.0,249.0,2806.0,11112.0,2899.0,5309.0,16038.0,1634.0,846.0
2024-03-25,7459.0,99.0,297.0,2540.0,8093.0,1449.0,3851.0,9867.0,1424.0,811.0
2024-03-26,6540.0,115.0,219.0,2148.0,7015.0,1066.0,3748.0,9655.0,1408.0,737.0
2024-03-27,6879.0,104.0,274.0,2994.0,7478.0,1108.0,3861.0,10656.0,1585.0,865.0
2024-03-28,7757.0,128.0,245.0,3257.0,7737.0,1274.0,4436.0,10893.0,1618.0,936.0
2024-03-29,8953.0,145.0,234.0,3827.0,11583.0,1980.0,5132.0,14241.0,2515.0,884.0
2024-03-30,6167.0,161.0,167.0,2764.0,9357.0,1696.0,4494.0,9929.0,1313.0,835.0
2024-03-31,9718.0,157.0,312.0,3478.0,11509.0,3200.0,5053.0,16111.0,1855.0,1030.0
2024-04-01,7194.0,168.0,230.0,3040.0,8927.0,1646.0,3986.0,9426.0,1546.0,951.0
2024-04-02,5768.0,167.0,220.0,3189.0,7756.0,1349.0,3595.0,8225.0,1581.0,752.0
2024-04-03,8769.0,222.0,335.0,4204.0,10745.0,3622.0,3848.0,13287.0,1931.0,1736.0
2024-04-04,4907.0,178.0,182.0,4351.0,14741.0,2942.0,3803.0,10776.0,2186.0,823.0
2024-04-05,4406.0,81.0,115.0,1815.0,11406.0,2929.0,6005.0,15893.0,1316.0,424.0
2024-04-06,12146.0,137.0,497.0,7797.0,14613.0,4983.0,4734.0,18808.0,3304.0,1709.0
2024-04-07,12270.0,226.0,451.0,3914.0,10983.0,2352.0,4554.0,16371.0,1733.0,1360.0
2024-04-08,7861.0,205.0,249.0,2491.0,8019.0,1431.0,4135.0,9753.0,1356.0,1099.0
2024-04-09,7176.0,154.0,225.0,2330.0,7465.0,1287.0,4067.0,9727.0,1334.0,862.0
2024-04-10,7538.0,222.0,201.0,2706.0,7810.0,1287.0,4241.0,11132.0,1463.0,905.0
2024-04-11,7460.0,204.0,310.0,2981.0,8166.0,1442.0,4222.0,11826.0,1658.0,1055.0
2024-04-12,8465.0,216.0,273.0,4323.0,11306.0,2385.0,5478.0,15490.0,2143.0,1284.0
2024-04-13,6482.0,198.0,262.0,3205.0,9783.0,1568.0,4784.0,10977.0,1525.0,1042.0
2024-04-14,9235.0,245.0,428.0,4086.0,11995.0,3407.0,5320.0,16798.0,2065.0,1188.0
2024-04-15,8295.0,252.0,526.0,2939.0,10071.0,1814.0,4272.0,10516.0,1720.0,1115.0
2024-04-16,7377.0,280.0,234.0,2889.0,7971.0,1355.0,3956.0,9529.0,1399.0,1065.0
2024-04-17,7748.0,296.0,220.0,2685.0,8579.0,1304.0,4255.0,10728.0,1499.0,1033.0
2024-04-18,8436.0,387.0,208.0,3207.0,9216.0,1614.0,4351.0,11524.0,1626.0,1161.0
2024-04-19,8765.0,301.0,272.0,3833.0,12130.0,2172.0,5499.0,15197.0,1925.0,1327.0
2024-04-20,6660.0,267.0,332.0,2958.0,10880.0,1612.0,4982.0,11252.0,1855.0,1085.0
2024-04-21,8120.0,293.0,511.0,4375.0,11840.0,3035.0,5270.0,17581.0,2152.0,1342.0
2024-04-22,8693.0,327.0,445.0,3212.0,9282.0,1815.0,4025.0,11238.0,1848.0,1169.0
2024-04-23,7527.0,245.0,368.0,2714.0,8168.0,1217.0,4059.0,10213.0,1439.0,890.0
2024-04-24,8074.0,217.0,336.0,2759.0,8404.0,1353.0,4281.0,10951.0,1511.0,1051.0
2024-04-25,7121.0,251.0,297.0,2959.0,8615.0,1341.0,4190.0,10880.0,1510.0,1041.0
2024-04-26,7930.0,279.0,422.0,3462.0,10404.0,1871.0,4150.0,11546.0,1688.0,1106.0
2024-04-27,8591.0,378.0,355.0,3166.0,7946.0,1316.0,3506.0,8655.0,1526.0,1045.0
2024-04-28,9138.0,293.0,375.0,3405.0,8578.0,1538.0,3817.0,9740.0,1786.0,1637.0
2024-04-29,8837.0,537.0,863.0,2730.0,9470.0,2165.0,3060.0,8364.0,1956.0,1788.0
2024-04-30,7656.0,1046.0,1111.0,474.0,10486.0,2336.0,2896.0,10639.0,737.0,799.0
2024-05-01,6436.0,840.0,984.0,1681.0,11339.0,2594.0,3643.0,8545.0,805.0,579.0
2024-05-02,4459.0,208.0,342.0,3921.0,11829.0,3193.0,4126.0,11750.0,1665.0,959.0
2024-05-03,5868.0,122.0,227.0,3737.0,11272.0,3644.0,5728.0,17813.0,1947.0,545.0
2024-05-04,7080.0,319.0,751.0,5532.0,10769.0,3338.0,3314.0,11140.0,2569.0,1867.0
2024-05-05,2834.0,810.0,1017.0,3463.0,8742.0,3101.0,2421.0,7863.0,1874.0,1646.0
2024-05-06,12681.0,240.0,660.0,3542.0,10264.0,2127.0,5364.0,15226.0,1315.0,1327.0
2024-05-07,7595.0,173.0,230.0,2019.0,7430.0,1350.0,3762.0,10363.0,1161.0,936.0
2024-05-08,7044.0,151.0,237.0,1920.0,7419.0,1340.0,3774.0,10290.0,1379.0,849.0
2024-05-09,6332.0,224.0,217.0,2132.0,8146.0,1249.0,3912.0,10460.0,1411.0,844.0
2024-05-10,6815.0,146.0,234.0,2634.0,8187.0,1487.0,4167.0,11154.0,1389.0,924.0
2024-05-11,6882.0,134.0,175.0,2279.0,7928.0,1381.0,3881.0,10271.0,1454.0,882.0
2024-05-12,6562.0,143.0,351.0,1894.0,7188.0,1727.0,4106.0,9596.0,1374.0,874.0
2024-05-13,7152.0,249.0,194.0,2256.0,8095.0,1405.0,3718.0,10016.0,1472.0,1326.0
2024-05-14,6443.0,134.0,206.0,2339.0,7805.0,1254.0,4020.0,10622.0,1508.0,840.0
2024-05-15,7189.0,183.0,169.0,2755.0,8332.0,1334.0,4107.0,11799.0,1554.0,925.0
2024-05-16,7905.0,237.0,188.0,2749.0,8573.0,1566.0,4330.0,12056.0,1454.0,873.0
2024-05-17,8662.0,199.0,220.0,3965.0,11956.0,2541.0,5547.0,16060.0,2183.0,1171.0
2024-05-18,7629.0,211.0,292.0,2991.0,10734.0,1581.0,4732.0,10684.0,1639.0,997.0
2024-05-19,9895.0,186.0,255.0,4234.0,10699.0,3627.0,4976.0,18291.0,2273.0,1270.0
2024-05-20,8336.0,287.0,362.0,2761.0,9487.0,1846.0,4155.0,11406.0,1658.0,1222.0
2024-05-21,6883.0,195.0,233.0,2162.0,7331.0,1207.0,3943.0,10209.0,1320.0,914.0
2024-05-22,7289.0,320.0,235.0,2433.0,7369.0,1218.0,4086.0,10562.0,1429.0,930.0
2024-05-23,7282.0,180.0,190.0,2740.0,7751.0,1210.0,4072.0,10570.0,1448.0,1007.0
2024-05-24,9067.0,251.0,207.0,4020.0,10558.0,2043.0,4806.0,14961.0,2144.0,1309.0
2024-05-25,6355.0,214.0,196.0,2453.0,8875.0,1358.0,4444.0,10395.0,1606.0,849.0
2024-05-26,8754.0,151.0,200.0,3315.0,9778.0,3174.0,4741.0,16337.0,2022.0,1062.0
2024-05-27,6860.0,169.0,283.0,2386.0,8023.0,1490.0,3763.0,10740.0,1565.0,872.0
2024-05-28,6250.0,139.0,240.0,2039.0,7403.0,1010.0,3740.0,9776.0,1380.0,769.0
2024-05-29,6717.0,124.0,210.0,2145.0,7086.0,1058.0,3823.0,9620.0,1294.0,879.0
2024-05-30,7356.0,128.0,212.0,2317.0,7060.0,1051.0,3768.0,9321.0,1330.0,735.0
2024-05-31,8820.0,149.0,210.0,3979.0,9819.0,2049.0,4489.0,13310.0,1657.0,943.0
2024-06-01,5416.0,155.0,189.0,2069.0,8702.0,1363.0,4274.0,9129.0,1278.0,637.0
2024-06-02,8110.0,142.0,254.0,3229.0,11243.0,3937.0,5147.0,17776.0,1997.0,896.0
2024-06-03,6721.0,263.0,227.0,2395.0,8400.0,1624.0,3549.0,10528.0,1515.0,902.0
2024-06-04,6077.0,155.0,199.0,2017.0,6995.0,1086.0,3739.0,9290.0,1379.0,756.0
2024-06-05,6651.0,130.0,202.0,2409.0,7221.0,1095.0,3692.0,9655.0,1320.0,773.0
2024-06-06,7519.0,183.0,182.0,3791.0,8017.0,1315.0,4016.0,10128.0,1438.0,1645.0
2024-06-07,8222.0,246.0,346.0,4102.0,11861.0,2437.0,4576.0,14020.0,1973.0,1816.0
2024-06-08,5226.0,168.0,279.0,3724.0,12851.0,1891.0,3868.0,9376.0,1595.0,748.0
2024-06-09,3254.0,148.0,135.0,2258.0,9492.0,2541.0,4255.0,11748.0,1396.0,400.0
2024-06-10,11730.0,110.0,323.0,6255.0,14028.0,4494.0,4360.0,18780.0,2229.0,1376.0
2024-06-11,9200.0,252.0,297.0,2967.0,9792.0,2309.0,4912.0,14419.0,1481.0,1281.0
2024-06-12,7251.0,181.0,207.0,2135.0,7832.0,1537.0,3976.0,12698.0,1340.0,1027.0
2024-06-13,7158.0,198.0,153.0,2176.0,7828.0,1412.0,4215.0,12361.0,1505.0,1114.0
2024-06-14,8058.0,263.0,245.0,3348.0,10351.0,1958.0,4857.0,14763.0,1520.0,1057.0
2024-06-15,5914.0,292.0,407.0,2650.0,8777.0,1498.0,4121.0,10217.0,1288.0,910.0
2024-06-16,8394.0,336.0,486.0,3433.0,10120.0,3306.0,5348.0,16633.0,1502.0,1442.0
2024-06-17,8085.0,417.0,415.0,2999.0,9630.0,2286.0,4116.0,11342.0,1520.0,1481.0
2024-06-18,8271.0,392.0,322.0,2865.0,8313.0,1619.0,4329.0,11811.0,1403.0,1665.0
2024-06-19,10026.0,548.0,415.0,3321.0,8631.0,1746.0,4740.0,11978.0,1381.0,1977.0
2024-06-20,12473.0,713.0,627.0,3637.0,9136.0,1787.0,4600.0,12376.0,1478.0,2600.0
2024-06-21,13854.0,762.0,541.0,4566.0,11646.0,2876.0,5840.0,15348.0,1915.0,2796.0
2024-06-22,11594.0,932.0,554.0,4090.0,10112.0,1650.0,4974.0,11431.0,2414.0,2611.0
2024-06-23,12483.0,768.0,635.0,4181.0,11202.0,3908.0,5737.0,18588.0,1880.0,2604.0
2024-06-24,10171.0,585.0,548.0,3082.0,9676.0,1912.0,4046.0,11857.0,1874.0,2012.0
2024-06-25,9959.0,481.0,464.0,2956.0,8524.0,1255.0,4264.0,11203.0,1499.0,1704.0
2024-06-26,11110.0,484.0,411.0,2641.0,7827.0,1384.0,4230.0,10425.0,1436.0,1918.0
2024-06-27,10219.0,492.0,378.0,2750.0,8585.0,1538.0,4400.0,12450.0,1543.0,2150.0
2024-06-28,10175.0,709.0,413.0,3177.0,11331.0,3062.0,4905.0,14346.0,1746.0,1621.0
2024-06-29,8994.0,808.0,450.0,2519.0,9954.0,2173.0,4091.0,10557.0,2141.0,1391.0
2024-06-30,9975.0,716.0,653.0,3278.0,9432.0,3963.0,4395.0,16264.0,2253.0,1360.0
2024-07-01,10513.0,827.0,523.0,2686.0,8570.0,2738.0,3849.0,11794.0,1771.0,2063.0
2024-07-02,8869.0,725.0,381.0,2922.0,8237.0,2055.0,3800.0,10409.0,1806.0,1905.0
2024-07-03,9273.0,697.0,401.0,2946.0,8537.0,2045.0,4167.0,12032.0,1661.0,2048.0
2024-07-04,9573.0,879.0,360.0,3020.0,8912.0,2338.0,4568.0,12844.0,1659.0,2308.0
2024-07-05,10169.0,1142.0,524.0,3719.0,9886.0,3561.0,4998.0,15832.0,1854.0,1891.0
2024-07-06,7661.0,953.0,595.0,3245.0,9367.0,2779.0,4574.0,12714.0,1698.0,1871.0
2024-07-07,10410.0,905.0,556.0,4140.0,9644.0,4243.0,5001.0,17938.0,1645.0,1942.0
2024-07-08,9565.0,901.0,472.0,3174.0,9499.0,2916.0,4486.0,13282.0,1786.0,1862.0
2024-07-09,8641.0,746.0,402.0,2797.0,8192.0,2154.0,4136.0,11487.0,1474.0,2052.0
2024-07-10,10026.0,735.0,415.0,3321.0,8631.0,2289.0,4740.0,11978.0,1536.0,2080.0
2024-07-11,12473.0,713.0,627.0,3637.0,9136.0,2396.0,4600.0,13293.0,1715.0,2600.0
2024-07-12,13854.0,762.0,706.0,4566.0,11646.0,2959.0,5840.0,16423.0,1983.0,2796.0
2024-07-13,11594.0,932.0,554.0,4090.0,10112.0,1650.0,4974.0,11431.0,2414.0,2611.0
2024-07-14,12483.0,768.0,635.0,4181.0,11202.0,4173.0,5737.0,18588.0,1880.0,2604.0
2024-07-15,10171.0,697.0,548.0,3082.0,10416.0,2774.0,4115.0,12657.0,1874.0,2012.0
2024-07-16,9959.0,629.0,464.0,2956.0,8553.0,2012.0,4264.0,11517.0,1499.0,1704.0
2024-07-17,11110.0,484.0,411.0,2641.0,7827.0,1384.0,4230.0,10425.0,1436.0,1918.0
2024-07-18,10219.0,675.0,491.0,3145.0,9455.0,2353.0,4400.0,12569.0,1609.0,2150.0
2024-07-19,10175.0,709.0,626.0,4538.0,11603.0,3429.0,5104.0,15100.0,1807.0,2285.0
2024-07-20,8994.0,808.0,450.0,2519.0,9954.0,2173.0,4091.0,10557.0,2141.0,1391.0
2024-07-21,10843.0,780.0,653.0,4558.0,11663.0,4809.0,5608.0,19780.0,2253.0,2074.0
2024-07-22,10513.0,827.0,550.0,3223.0,11197.0,2738.0,4091.0,12833.0,1771.0,2063.0
2024-07-23,7791.0,515.0,444.0,2823.0,8007.0,1574.0,3777.0,10515.0,1485.0,1815.0
2024-07-24,8872.0,605.0,460.0,3006.0,8948.0,2015.0,4332.0,11258.0,1511.0,2141.0
2024-07-25,9560.0,650.0,458.0,3310.0,9703.0,2860.0,4371.0,12976.0,1693.0,2208.0
2024-07-26,10090.0,858.0,608.0,4207.0,11851.0,3250.0,5327.0,15825.0,2024.0,2301.0
2024-07-27,8574.0,1058.0,558.0,3675.0,10119.0,2274.0,4872.0,12594.0,2126.0,1975.0
2024-07-28,10137.0,957.0,648.0,4216.0,11077.0,4137.0,5179.0,17891.0,1730.0,2098.0
2024-07-29,8817.0,802.0,539.0,3425.0,10012.0,2206.0,4269.0,11687.0,1670.0,2321.0
2024-07-30,7782.0,557.0,407.0,2854.0,8152.0,1968.0,4019.0,10751.0,1736.0,1834.0
2024-07-31,8477.0,656.0,440.0,3022.0,8889.0,2094.0,4188.0,11422.0,1631.0,1926.0
2024-08-01,8256.0,850.0,428.0,3007.0,8653.0,1957.0,4251.0,10923.0,1659.0,2129.0
2024-08-02,8839.0,753.0,554.0,3893.0,10017.0,3143.0,4969.0,14441.0,1871.0,2113.0
2024-08-03,7313.0,935.0,571.0,3642.0,9457.0,2178.0,4423.0,11275.0,1807.0,2040.0
2024-08-04,9813.0,823.0,618.0,4490.0,10533.0,4937.0,5751.0,18718.0,1977.0,2025.0
2024-08-05,8300.0,756.0,519.0,3399.0,9888.0,2310.0,4001.0,11528.0,1875.0,1908.0
2024-08-06,7966.0,527.0,382.0,3271.0,8692.0,1834.0,4100.0,10881.0,1710.0,1886.0
2024-08-07,7991.0,629.0,460.0,3082.0,8318.0,1848.0,4254.0,10769.0,1655.0,1947.0
2024-08-08,8320.0,670.0,467.0,3954.0,8720.0,2158.0,4174.0,11002.0,1669.0,1937.0
2024-08-09,8759.0,854.0,534.0,3829.0,10563.0,3148.0,5191.0,14441.0,2346.0,2017.0
2024-08-10,7511.0,963.0,556.0,3831.0,10170.0,2485.0,4276.0,10680.0,1846.0,1947.0
2024-08-11,9339.0,818.0,608.0,4386.0,10641.0,4995.0,5492.0,19412.0,1956.0,1768.0
2024-08-12,8950.0,781.0,607.0,3400.0,10274.0,3375.0,4618.0,14794.0,1767.0,1902.0
2024-08-13,7545.0,615.0,357.0,3089.0,8653.0,2179.0,4239.0,11261.0,1751.0,1635.0
2024-08-14,7731.0,441.0,372.0,3293.0,9439.0,2424.0,4514.0,11951.0,1672.0,1902.0
2024-08-15,7903.0,469.0,365.0,3651.0,9852.0,2856.0,4617.0,12709.0,1649.0,1777.0
2024-08-16,8756.0,632.0,514.0,4078.0,10834.0,3778.0,5153.0,15579.0,1926.0,1975.0
2024-08-17,6883.0,638.0,400.0,3462.0,10638.0,2616.0,4493.0,12103.0,1730.0,1599.0
2024-08-18,9136.0,480.0,517.0,4231.0,10635.0,5288.0,5214.0,18117.0,1800.0,1561.0
2024-08-19,8874.0,603.0,484.0,3414.0,10270.0,3191.0,4158.0,12645.0,1709.0,1849.0
2024-08-20,8717.0,505.0,431.0,3130.0,8845.0,2096.0,4561.0,11290.0,1534.0,1673.0
2024-08-21,8837.0,396.0,400.0,3478.0,9126.0,2211.0,4563.0,11615.0,1669.0,1878.0
2024-08-22,8681.0,452.0,371.0,3230.0,9504.0,2453.0,4570.0,12358.0,1751.0,1577.0
2024-08-23,9157.0,384.0,516.0,3869.0,11458.0,3745.0,5499.0,16258.0,1875.0,1708.0
2024-08-24,8087.0,403.0,427.0,3654.0,11475.0,2585.0,4815.0,12434.0,1699.0,1590.0
2024-08-25,8918.0,503.0,484.0,4177.0,10100.0,4202.0,5145.0,17480.0,1733.0,1500.0
2024-08-26,8339.0,372.0,389.0,3234.0,9865.0,2717.0,4429.0,12387.0,1568.0,1387.0
2024-08-27,6696.0,296.0,305.0,2852.0,8244.0,1831.0,4178.0,11045.0,1578.0,947.0
2024-08-28,6638.0,228.0,264.0,2711.0,8245.0,1823.0,4397.0,11205.0,1658.0,1013.0
2024-08-29,6981.0,251.0,230.0,2913.0,7901.0,1753.0,4444.0,11029.0,1659.0,912.0
2024-08-30,7579.0,216.0,340.0,3687.0,8803.0,2395.0,5039.0,12643.0,1808.0,1077.0
2024-08-31,5625.0,284.0,311.0,3460.0,7147.0,1477.0,4143.0,9197.0,1554.0,896.0
2024-09-01,5967.0,244.0,277.0,2658.0,6969.0,1499.0,3842.0,94.0,1449.0,862.0
2024-09-02,6309.0,204.0,243.0,1857.0,6792.0,1521.0,3542.0,8739.0,1344.0,828.0
2024-09-03,5863.0,210.0,193.0,1817.0,6258.0,1056.0,3739.0,8837.0,1269.0,776.0
2024-09-04,6222.0,178.0,189.0,2135.0,6486.0,1192.0,3699.0,8938.0,1348.0,706.0
2024-09-05,6307.0,233.0,215.0,2222.0,7160.0,1128.0,3715.0,9180.0,1421.0,804.0
2024-09-06,5773.0,218.0,50.0,2372.0,3010.0,1227.0,2220.0,8667.0,69.0,782.0
2024-09-07,5239.0,204.0,334.0,2523.0,7819.0,1441.0,4051.0,8639.0,1710.0,760.0
2024-09-08,7675.0,327.0,435.0,3044.0,9519.0,2937.0,4819.0,14803.0,1592.0,1135.0
2024-09-09,7573.0,275.0,385.0,2169.0,7319.0,1693.0,3590.0,8673.0,1480.0,884.0
2024-09-10,6036.0,139.0,229.0,2222.0,6361.0,1123.0,3669.0,8211.0,1315.0,905.0
2024-09-11,6611.0,110.0,192.0,2143.0,6481.0,1198.0,3657.0,8823.0,1464.0,779.0
2024-09-12,6472.0,78.0,134.0,1879.0,6528.0,1209.0,3772.0,9065.0,1435.0,643.0
2024-09-13,6810.0,175.0,265.0,2396.0,6261.0,1023.0,3124.0,9060.0,1302.0,877.0
2024-09-14,8371.0,214.0,326.0,4414.0,9899.0,2207.0,4406.0,11473.0,1881.0,1547.0
2024-09-15,4889.0,145.0,177.0,3971.0,11700.0,2624.0,4417.0,10727.0,1693.0,758.0
2024-09-16,5310.0,161.0,228.0,1578.0,6635.0,1140.0,3418.0,8176.0,1353.0,141.0
2024-09-17,11098.0,169.0,293.0,5982.0,12723.0,4411.0,5070.0,21182.0,1943.0,1028.0
2024-09-18,8712.0,204.0,364.0,2466.0,9541.0,2452.0,4448.0,12985.0,1391.0,1075.0
2024-09-19,6872.0,378.0,240.0,2093.0,8282.0,1968.0,3978.0,9301.0,1349.0,956.0
2024-09-20,7926.0,387.0,225.0,3413.0,8604.0,2055.0,4663.0,11195.0,1619.0,1015.0
2024-09-21,5324.0,183.0,199.0,2043.0,7151.0,1362.0,3830.0,8370.0,1345.0,704.0
2024-09-22,8280.0,260.0,227.0,2913.0,8341.0,2643.0,4805.0,13410.0,1727.0,978.0
2024-09-23,7675.0,128.0,236.0,2598.0,7937.0,1878.0,3778.0,9478.0,1547.0,1124.0
2024-09-24,6619.0,99.0,201.0,2116.0,6813.0,1265.0,3849.0,9181.0,1503.0,789.0
2024-09-25,7073.0,121.0,179.0,2420.0,7349.0,1370.0,4254.0,10207.0,1443.0,839.0
2024-09-26,6756.0,134.0,140.0,2515.0,6852.0,1266.0,3984.0,9710.0,1375.0,845.0
2024-09-27,7529.0,268.0,160.0,3625.0,8583.0,1886.0,4393.0,10479.0,1862.0,1627.0
2024-09-28,7739.0,581.0,305.0,3391.0,8709.0,1819.0,4291.0,9641.0,1990.0,977.0
2024-09-29,7800.0,765.0,319.0,2208.0,10599.0,2482.0,4019.0,10025.0,2226.0,1918.0
2024-09-30,6332.0,862.0,703.0,1012.0,14236.0,3606.0,4101.0,12407.0,808.0,328.0
2024-10-01,5276.0,641.0,1011.0,576.0,10394.0,3494.0,3094.0,7858.0,597.0,353.0
2024-10-02,6420.0,659.0,638.0,2479.0,14464.0,3863.0,4153.0,8883.0,1605.0,1231.0
2024-10-03,5179.0,204.0,179.0,5229.0,14051.0,4954.0,5793.0,14862.0,2101.0,1104.0
2024-10-04,6701.0,110.0,274.0,5503.0,13825.0,4969.0,6577.0,19310.0,2150.0,853.0
2024-10-05,11467.0,254.0,684.0,6106.0,13050.0,5406.0,4854.0,14304.0,2131.0,1593.0
2024-10-06,6419.0,741.0,1149.0,5606.0,13562.0,4479.0,3108.0,9243.0,2307.0,2598.0
2024-10-07,5428.0,793.0,1030.0,4767.0,11443.0,3884.0,4302.0,9817.0,1703.0,1741.0
2024-10-08,10714.0,267.0,488.0,2210.0,8705.0,2027.0,5567.0,13121.0,1224.0,980.0
2024-10-09,30.0,248.0,56.0,14.0,1929.0,669.0,1946.0,6529.0,31.0,978.0
2024-10-10,6566.0,228.0,184.0,1713.0,6815.0,1283.0,3643.0,9193.0,1231.0,977.0
2024-10-11,6364.0,133.0,139.0,1960.0,6996.0,1420.0,3998.0,9743.0,1273.0,711.0
2024-10-12,6622.0,149.0,196.0,2043.0,8094.0,1665.0,4497.0,10660.0,1299.0,786.0
2024-10-13,6539.0,151.0,201.0,1995.0,7918.0,1693.0,4554.0,10874.0,1295.0,840.0
2024-10-14,7753.0,196.0,277.0,2345.0,7274.0,1409.0,3779.0,9231.0,1456.0,1251.0
2024-10-15,7333.0,213.0,162.0,2100.0,6852.0,1195.0,4003.0,9130.0,1370.0,1207.0
2024-10-16,7342.0,149.0,155.0,2278.0,7491.0,1307.0,4105.0,10177.0,1339.0,994.0
2024-10-17,6841.0,181.0,136.0,2649.0,7512.0,1349.0,4322.0,10171.0,1488.0,1043.0
2024-10-18,8859.0,261.0,228.0,3693.0,10338.0,2746.0,5606.0,14528.0,1620.0,1643.0
2024-10-19,6518.0,313.0,188.0,2627.0,8961.0,1742.0,4769.0,10605.0,1643.0,1176.0
2024-10-20,9773.0,289.0,307.0,3527.0,9944.0,3753.0,5953.0,17643.0,1866.0,1290.0
2024-10-21,8131.0,299.0,377.0,2638.0,8335.0,2186.0,4043.0,10266.0,1600.0,1484.0
2024-10-22,6912.0,192.0,221.0,2182.0,6897.0,1154.0,3759.0,9225.0,1348.0,978.0
2024-10-23,7208.0,202.0,293.0,2362.0,7311.0,1383.0,4061.0,10080.0,1346.0,1050.0
2024-10-24,7559.0,217.0,179.0,2846.0,7636.0,1477.0,4648.0,10173.0,1565.0,853.0
2024-10-25,9669.0,408.0,207.0,4415.0,9991.0,3124.0,5785.0,14890.0,1821.0,1268.0
2024-10-26,6044.0,232.0,167.0,2535.0,9877.0,1759.0,4665.0,9946.0,1569.0,784.0
2024-10-27,8991.0,166.0,190.0,3285.0,9746.0,3892.0,5665.0,15484.0,1797.0,955.0
2024-10-28,7503.0,275.0,234.0,2094.0,7716.0,1702.0,4046.0,9080.0,1406.0,894.0
2024-10-29,6296.0,118.0,267.0,1881.0,6684.0,1162.0,3868.0,8610.0,1208.0,704.0
2024-10-30,7228.0,118.0,220.0,2194.0,6896.0,1231.0,3934.0,9300.0,1334.0,764.0
2024-10-31,7673.0,110.0,181.0,2351.0,7863.0,1453.0,4022.0,9581.0,1325.0,718.0
2024-11-01,9020.0,171.0,202.0,3595.0,12100.0,3145.0,5365.0,15037.0,1613.0,877.0
2024-11-02,5408.0,122.0,128.0,2193.0,9269.0,1848.0,4581.0,9848.0,1496.0,601.0
2024-11-03,9493.0,125.0,120.0,3663.0,11020.0,4180.0,5424.0,17646.0,1972.0,687.0
2024-11-04,7194.0,108.0,152.0,2285.0,8106.0,1783.0,3581.0,9990.0,1605.0,837.0
2024-11-05,5120.0,81.0,109.0,1299.0,4182.0,601.0,2361.0,5968.0,1041.0,704.0
2024-11-08,9577.0,166.0,257.0,3987.0,10539.0,2719.0,5456.0,15063.0,1661.0,795.0
2024-11-09,5714.0,90.0,149.0,2494.0,9607.0,1699.0,4046.0,9314.0,1373.0,587.0
2024-11-11,8108.0,98.0,287.0,2356.0,7644.0,1659.0,3858.0,9381.0,1339.0,671.0
2024-11-13,7111.0,86.0,189.0,2095.0,7028.0,1270.0,4131.0,10013.0,1364.0,698.0
2024-11-14,7356.0,116.0,232.0,2434.0,7365.0,1323.0,4250.0,10142.0,1394.0,890.0
2024-11-15,9900.0,133.0,340.0,3962.0,10994.0,2750.0,6338.0,14995.0,1916.0,865.0
2024-11-16,6168.0,140.0,172.0,2352.0,8951.0,1515.0,5536.0,11209.0,1609.0,643.0
2024-11-17,10658.0,110.0,213.0,4006.0,12017.0,4713.0,7085.0,19712.0,2156.0,763.0
2024-11-18,7454.0,105.0,279.0,2660.0,7784.0,1758.0,4204.0,9572.0,1604.0,746.0
2024-11-19,6245.0,113.0,148.0,2937.0,6849.0,1138.0,4011.0,9114.0,1520.0,579.0
2024-11-20,6770.0,101.0,150.0,2266.0,6729.0,1230.0,3986.0,9253.0,1465.0,680.0
2024-11-21,6832.0,78.0,111.0,2223.0,7306.0,1305.0,4418.0,10160.0,1450.0,593.0
2024-11-22,9878.0,101.0,222.0,3688.0,10514.0,2644.0,6029.0,15001.0,1745.0,783.0
2024-11-23,4941.0,74.0,160.0,2112.0,8418.0,1499.0,5265.0,10821.0,1491.0,503.0
2024-11-24,8629.0,57.0,260.0,3895.0,11085.0,4254.0,7199.0,19669.0,1891.0,662.0
2024-11-25,7018.0,84.0,216.0,2003.0,7387.0,1598.0,4189.0,9700.0,1446.0,609.0
2024-11-26,5944.0,84.0,153.0,1768.0,6427.0,1127.0,4029.0,8477.0,1254.0,620.0
2024-11-27,6850.0,62.0,163.0,2121.0,6735.0,1231.0,4226.0,9440.0,1328.0,676.0
2024-11-28,6807.0,68.0,205.0,2158.0,7313.0,1402.0,4304.0,9835.0,1518.0,549.0
2024-11-29,8612.0,71.0,241.0,3654.0,10171.0,2517.0,5844.0,14079.0,1791.0,634.0
2024-11-30,5438.0,74.0,227.0,2060.0,8304.0,1523.0,4624.0,10108.0,1450.0,503.0
2024-12-01,8600.0,75.0,247.0,3400.0,11452.0,4177.0,6914.0,19527.0,1731.0,620.0
2024-12-02,6717.0,69.0,227.0,2071.0,7338.0,1718.0,4261.0,9492.0,1403.0,648.0
2024-12-03,5990.0,59.0,168.0,1922.0,6452.0,1135.0,3852.0,8615.0,1237.0,526.0
2024-12-04,6365.0,56.0,153.0,2202.0,6267.0,1146.0,3839.0,8946.0,1315.0,623.0
2024-12-05,6577.0,45.0,130.0,2297.0,6494.0,1146.0,4054.0,9888.0,1409.0,562.0
2024-12-06,8530.0,99.0,157.0,4067.0,9375.0,2443.0,5517.0,13882.0,1724.0,623.0
2024-12-07,4602.0,90.0,121.0,1811.0,7606.0,1464.0,4226.0,9094.0,1301.0,475.0
2024-12-08,8245.0,40.0,153.0,3542.0,9806.0,3628.0,6800.0,18841.0,2054.0,564.0
2024-12-09,6963.0,69.0,231.0,2453.0,7690.0,1784.0,4131.0,9309.0,1616.0,710.0
2024-12-10,5993.0,63.0,136.0,1913.0,6703.0,1178.0,3804.0,8680.0,1448.0,598.0
2024-12-11,6511.0,81.0,144.0,1935.0,6619.0,1085.0,4078.0,9213.0,1360.0,612.0
2024-12-12,6743.0,81.0,143.0,1840.0,6758.0,1270.0,4251.0,9958.0,1280.0,470.0
2024-12-13,7867.0,57.0,127.0,3173.0,9366.0,2171.0,5421.0,13387.0,1485.0,565.0
2024-12-14,4295.0,48.0,120.0,1802.0,7783.0,1383.0,4364.0,9330.0,1257.0,375.0
2024-12-15,7575.0,57.0,142.0,2795.0,9993.0,3242.0,6710.0,16868.0,1635.0,530.0
2024-12-16,6498.0,52.0,137.0,2037.0,7174.0,1695.0,3998.0,8845.0,1127.0,534.0
2024-12-17,6073.0,69.0,115.0,1798.0,6469.0,1117.0,3922.0,8405.0,1139.0,530.0
2024-12-18,6298.0,62.0,134.0,1975.0,6214.0,1174.0,3989.0,9057.0,1228.0,585.0
2024-12-19,6387.0,69.0,113.0,1967.0,6728.0,1178.0,4078.0,9487.0,1235.0,512.0
2024-12-20,7720.0,72.0,110.0,3494.0,9369.0,2277.0,5394.0,13382.0,1368.0,650.0
2024-12-21,4327.0,51.0,70.0,1631.0,7073.0,1323.0,4070.0,8174.0,1145.0,426.0
2024-12-22,7485.0,63.0,97.0,2839.0,9906.0,3266.0,6362.0,15796.0,1408.0,567.0
2024-12-23,6476.0,68.0,142.0,2018.0,7121.0,1644.0,3944.0,8553.0,1245.0,599.0
2024-12-24,6113.0,68.0,102.0,1781.0,5975.0,1002.0,3486.0,8264.0,1119.0,612.0
2024-12-25,6256.0,75.0,128.0,1930.0,5878.0,1050.0,3648.0,8432.0,1164.0,542.0
2024-12-26,6400.0,26.0,126.0,2045.0,5476.0,763.0,3042.0,5309.0,1348.0,517.0
2024-12-27,7862.0,154.0,149.0,3685.0,8990.0,2191.0,4997.0,12126.0,1347.0,730.0
2024-12-28,5037.0,108.0,147.0,2103.0,6947.0,1315.0,3944.0,8495.0,1208.0,652.0
2024-12-29,6784.0,75.0,111.0,2671.0,9012.0,2983.0,5329.0,14502.0,1388.0,608.0
2024-12-30,4666.0,75.0,108.0,1953.0,6975.0,1602.0,3707.0,8804.0,1222.0,447.0
2024-12-31,4360.0,84.0,90.0,2368.0,8448.0,2122.0,4467.0,11421.0,1274.0,498.0
2025-01-01,4216.0,104.0,70.0,1862.0,8018.0,2157.0,4417.0,11547.0,1272.0,456.0
2025-01-02,5510.0,125.0,130.0,2187.0,7087.0,1585.0,3729.0,9327.0,1390.0,643.0
2025-01-03,5495.0,152.0,133.0,2549.0,7820.0,1910.0,4167.0,10414.0,1326.0,554.0
2025-01-04,3931.0,202.0,141.0,1739.0,6165.0,1138.0,3276.0,7631.0,1081.0,530.0
2025-01-05,6971.0,178.0,155.0,2326.0,8119.0,2296.0,5189.0,13595.0,1317.0,685.0
2025-01-06,6834.0,178.0,234.0,2307.0,6971.0,1487.0,3485.0,8628.0,1276.0,840.0
2025-01-07,6524.0,234.0,228.0,2067.0,6092.0,1090.0,3629.0,8121.0,1253.0,734.0
2025-01-08,7474.0,296.0,221.0,2490.0,6341.0,1326.0,3664.0,9049.0,1301.0,898.0
2025-01-09,9762.0,832.0,270.0,3968.0,12820.0,2301.0,6544.0,17355.0,2391.0,1966.0
2025-01-10,10422.0,733.0,472.0,3887.0,9281.0,2366.0,5718.0,13733.0,1555.0,1491.0
2025-01-11,6952.0,804.0,432.0,2780.0,7805.0,1613.0,4628.0,10223.0,1589.0,1398.0
2025-01-12,8947.0,623.0,393.0,3233.0,8979.0,2795.0,5960.0,17278.0,1499.0,1403.0
2025-01-13,14151.0,963.0,560.0,4583.0,13557.0,2486.0,4908.0,15546.0,3039.0,2476.0
2025-01-14,7791.0,610.0,248.0,2858.0,6638.0,1253.0,4051.0,9819.0,1568.0,1262.0
2025-01-15,10467.0,1200.0,333.0,3995.0,7323.0,1480.0,3667.0,10393.0,2043.0,2589.0
2025-01-16,8670.0,753.0,269.0,3502.0,6513.0,1401.0,4062.0,10099.0,1746.0,1713.0
2025-01-17,9780.0,971.0,386.0,3575.0,8809.0,2210.0,4708.0,11805.0,1961.0,1498.0
2025-01-18,8751.0,1272.0,455.0,3423.0,7654.0,1735.0,4056.0,9676.0,1751.0,1278.0
2025-01-19,9855.0,1484.0,402.0,3401.0,8466.0,2800.0,4852.0,13612.0,2099.0,1442.0
2025-01-20,8517.0,1601.0,520.0,3279.0,6852.0,1602.0,3854.0,9745.0,2244.0,1505.0
2025-01-21,8033.0,1718.0,415.0,5476.0,5308.0,1185.0,3443.0,8530.0,2806.0,2012.0
2025-01-22,7618.0,1541.0,514.0,5396.0,5118.0,1212.0,3203.0,7959.0,1853.0,1524.0
2025-01-23,7336.0,1862.0,547.0,2330.0,5237.0,1072.0,2719.0,7069.0,1480.0,1022.0
2025-01-24,6958.0,2580.0,451.0,4534.0,5788.0,1412.0,2715.0,6938.0,1506.0,1368.0
2025-01-25,6254.0,2327.0,714.0,3907.0,5614.0,1278.0,2314.0,5812.0,1566.0,1203.0
2025-01-26,6411.0,2071.0,772.0,4753.0,4577.0,1164.0,1715.0,5094.0,1759.0,1343.0
2025-01-27,5202.0,827.0,783.0,5126.0,4017.0,1060.0,1424.0,4194.0,1527.0,1109.0
2025-01-28,2537.0,275.0,378.0,1610.0,2034.0,409.0,849.0,2256.0,920.0,994.0
2025-01-29,5574.0,348.0,707.0,1615.0,3038.0,460.0,1676.0,3304.0,1024.0,1237.0
2025-01-30,6109.0,331.0,817.0,2041.0,5392.0,1091.0,2805.0,6229.0,1135.0,1239.0
2025-01-31,6404.0,173.0,912.0,2131.0,7437.0,1715.0,3239.0,8988.0,1067.0,1242.0
2025-02-01,6623.0,165.0,781.0,1903.0,8990.0,2177.0,4131.0,10580.0,1104.0,993.0
2025-02-02,9540.0,236.0,790.0,2111.0,10284.0,2139.0,4252.0,10345.0,1048.0,1172.0
2025-02-03,10255.0,304.0,869.0,2396.0,10081.0,2671.0,2768.0,10777.0,1108.0,1589.0
2025-02-04,11456.0,299.0,865.0,2092.0,11289.0,2541.0,3561.0,12124.0,1061.0,1327.0
2025-02-05,9619.0,180.0,844.0,1664.0,13448.0,2837.0,4471.0,13423.0,869.0,990.0
2025-02-06,6895.0,136.0,763.0,1448.0,11064.0,2342.0,3829.0,11233.0,807.0,845.0
2025-02-07,5494.0,78.0,745.0,1517.0,9819.0,2508.0,3266.0,10694.0,819.0,643.0
2025-02-08,5345.0,77.0,455.0,1414.0,8299.0,2181.0,3595.0,10412.0,808.0,441.0
2025-02-09,6654.0,75.0,422.0,1563.0,8414.0,2259.0,4101.0,11289.0,1025.0,498.0
2025-02-10,5993.0,62.0,319.0,1636.0,8351.0,2621.0,3791.0,9664.0,1005.0,589.0
2025-02-11,10293.0,104.0,381.0,2645.0,12605.0,3383.0,5704.0,13316.0,1838.0,982.0
2025-02-12,5157.0,45.0,160.0,1207.0,5987.0,1517.0,3049.0,7915.0,916.0,479.0
2025-02-13,7566.0,137.0,197.0,1921.0,7937.0,1927.0,4149.0,11290.0,1269.0,693.0
2025-02-14,7016.0,90.0,143.0,2885.0,9605.0,2519.0,4860.0,13565.0,1369.0,610.0
2025-02-15,4851.0,125.0,130.0,2519.0,7803.0,1838.0,4100.0,9932.0,1418.0,749.0
2025-02-16,7203.0,113.0,194.0,3400.0,10089.0,3538.0,5715.0,15417.0,1589.0,744.0
2025-02-17,6582.0,86.0,243.0,1970.0,8310.0,1922.0,4000.0,9325.0,1282.0,807.0
2025-02-18,6180.0,72.0,193.0,1856.0,7176.0,1538.0,3963.0,8791.0,1332.0,760.0
2025-02-19,6918.0,93.0,196.0,2005.0,7276.0,1659.0,4062.0,9356.0,1369.0,1015.0
2025-02-20,7032.0,101.0,230.0,2078.0,7165.0,1560.0,3941.0,9375.0,1324.0,753.0
2025-02-21,8343.0,86.0,278.0,3301.0,8672.0,2840.0,4651.0,12902.0,1610.0,820.0
2025-02-22,5679.0,131.0,204.0,2147.0,7417.0,1749.0,3794.0,8755.0,1520.0,863.0
2025-02-23,7968.0,84.0,216.0,2943.0,9097.0,3237.0,5371.0,14032.0,1501.0,862.0
2025-02-24,6717.0,78.0,236.0,2009.0,7964.0,1669.0,3536.0,8536.0,1244.0,762.0
2025-02-25,6082.0,72.0,128.0,1766.0,6998.0,1426.0,3591.0,8253.0,1124.0,655.0
2025-02-26,6528.0,69.0,142.0,1811.0,7204.0,1448.0,3780.0,8812.0,1125.0,671.0
2025-02-27,6799.0,86.0,135.0,2013.0,7142.0,1423.0,3905.0,9245.0,1165.0,656.0
2025-02-28,8616.0,80.0,150.0,3319.0,10139.0,2869.0,5510.0,13585.0,1335.0,690.0
2025-03-01,4577.0,90.0,139.0,1796.0,9160.0,1879.0,4037.0,9259.0,1158.0,603.0
2025-03-02,7830.0,66.0,162.0,2939.0,10909.0,3139.0,5347.0,17188.0,1449.0,640.0
2025-03-03,6489.0,72.0,196.0,1908.0,7584.0,1692.0,3556.0,8398.0,1228.0,710.0
2025-03-04,5378.0,59.0,197.0,1651.0,6187.0,1138.0,3361.0,8152.0,966.0,582.0
2025-03-05,5744.0,66.0,156.0,1973.0,6523.0,1332.0,3791.0,8703.0,1129.0,694.0
2025-03-06,5987.0,63.0,122.0,2163.0,6823.0,1486.0,3869.0,8772.0,1107.0,645.0
2025-03-07,7285.0,57.0,144.0,3385.0,9985.0,2671.0,4993.0,12671.0,1315.0,932.0
2025-03-08,3684.0,57.0,122.0,2037.0,7958.0,1653.0,4101.0,8209.0,1197.0,438.0
2025-03-09,8142.0,75.0,191.0,3104.0,9759.0,3635.0,5180.0,16808.0,1412.0,718.0
2025-03-10,6985.0,69.0,235.0,2483.0,7831.0,1717.0,3667.0,9302.0,1305.0,811.0
2025-03-11,5828.0,63.0,133.0,1896.0,6525.0,1453.0,3865.0,9328.0,1093.0,717.0
2025-03-12,6437.0,63.0,160.0,2208.0,6825.0,1430.0,3775.0,9695.0,1063.0,749.0
2025-03-13,6393.0,60.0,130.0,2663.0,6953.0,1460.0,3734.0,9008.0,1233.0,708.0
2025-03-14,8106.0,66.0,194.0,4490.0,10023.0,2413.0,4953.0,13379.0,1692.0,928.0
2025-03-15,4440.0,86.0,130.0,2251.0,7732.0,1532.0,3747.0,8205.0,1477.0,674.0
2025-03-16,9341.0,90.0,142.0,3439.0,11148.0,3163.0,5495.0,17104.0,1447.0,753.0
2025-03-17,7645.0,84.0,190.0,2474.0,8714.0,1822.0,3737.0,10641.0,1361.0,852.0
2025-03-18,6734.0,86.0,100.0,2335.0,7694.0,1480.0,3825.0,9617.0,1165.0,763.0
2025-03-19,7132.0,232.0,122.0,2745.0,7782.0,1479.0,4046.0,9998.0,1236.0,860.0
2025-03-20,7575.0,204.0,101.0,3005.0,8188.0,1834.0,4292.0,11001.0,1430.0,994.0
2025-03-21,9317.0,158.0,155.0,4884.0,11991.0,3239.0,5944.0,15343.0,2026.0,1022.0
2025-03-22,5460.0,119.0,121.0,3463.0,10852.0,2180.0,4557.0,11247.0,1644.0,834.0
2025-03-23,9972.0,105.0,177.0,4853.0,12045.0,3813.0,5922.0,19312.0,1584.0,1251.0
2025-03-24,8734.0,125.0,462.0,3035.0,10165.0,2290.0,4431.0,10978.0,1521.0,1014.0
2025-03-25,7604.0,92.0,167.0,2592.0,9530.0,1761.0,4176.0,10550.0,1263.0,821.0
2025-03-26,7652.0,110.0,166.0,2729.0,7979.0,1725.0,4355.0,10856.0,1394.0,880.0
2025-03-27,8086.0,231.0,179.0,3666.0,7949.0,1746.0,4102.0,10551.0,1570.0,1037.0
2025-03-28,10500.0,148.0,292.0,4370.0,9933.0,2904.0,5134.0,13686.0,2309.0,1166.0
2025-03-29,6094.0,98.0,150.0,3058.0,9428.0,1877.0,4340.0,9645.0,1427.0,842.0
2025-03-30,10496.0,133.0,262.0,4195.0,11358.0,4476.0,5564.0,18710.0,1575.0,886.0
2025-03-31,7846.0,92.0,168.0,2971.0,9207.0,2083.0,4280.0,10574.0,1508.0,883.0
2025-04-01,6316.0,90.0,173.0,2772.0,7468.0,1447.0,3903.0,8768.0,1282.0,682.0
2025-04-02,6100.0,83.0,121.0,3073.0,8004.0,1789.0,3769.0,9072.0,1371.0,746.0
2025-04-03,9920.0,122.0,325.0,4574.0,12007.0,3642.0,5021.0,14434.0,1564.0,1187.0
2025-04-04,4705.0,92.0,102.0,4661.0,15884.0,2750.0,4447.0,10786.0,1803.0,865.0
2025-04-05,4889.0,86.0,97.0,2188.0,11775.0,2995.0,5654.0,15262.0,1326.0,408.0
2025-04-06,11981.0,130.0,402.0,8787.0,14071.0,4849.0,5995.0,18484.0,2503.0,1622.0
2025-04-07,12053.0,201.0,338.0,4066.0,10976.0,2683.0,5066.0,14144.0,1605.0,1243.0
2025-04-08,7520.0,127.0,173.0,2546.0,7680.0,1760.0,3998.0,10931.0,1337.0,862.0
2025-04-09,7935.0,178.0,169.0,2423.0,8451.0,1801.0,4193.0,11167.0,1305.0,792.0
2025-04-10,7627.0,119.0,128.0,3225.0,8130.0,1727.0,4258.0,11260.0,1484.0,810.0
2025-04-11,9590.0,163.0,187.0,4399.0,10954.0,2914.0,4906.0,13804.0,1774.0,972.0
2025-04-12,6101.0,136.0,313.0,2737.0,9510.0,2129.0,4128.0,10213.0,1372.0,845.0
2025-04-13,10947.0,161.0,335.0,4490.0,10696.0,4388.0,5314.0,17132.0,1625.0,1064.0
2025-04-14,10578.0,211.0,338.0,3203.0,9319.0,2230.0,4150.0,10202.0,1447.0,1117.0
2025-04-15,7985.0,175.0,193.0,3052.0,8001.0,1505.0,4124.0,9688.0,1269.0,832.0
2025-04-16,8415.0,184.0,163.0,2719.0,8745.0,1727.0,4360.0,10166.0,1442.0,814.0
2025-04-17,8986.0,233.0,182.0,3223.0,8804.0,1982.0,4471.0,10775.0,1548.0,1008.0
2025-04-18,10244.0,234.0,152.0,4831.0,11243.0,2722.0,5689.0,14581.0,1805.0,1237.0
2025-04-19,8080.0,243.0,150.0,3115.0,10559.0,2219.0,4595.0,11075.0,1706.0,923.0
2025-04-20,11181.0,233.0,245.0,5083.0,10101.0,4045.0,5856.0,17223.0,1760.0,1221.0
2025-04-21,9664.0,220.0,298.0,3511.0,10038.0,2223.0,4178.0,11022.0,1607.0,1137.0
2025-04-22,7766.0,196.0,243.0,2918.0,8224.0,1418.0,4091.0,9867.0,1305.0,903.0
2025-04-23,8174.0,166.0,189.0,2815.0,8275.0,1731.0,4159.0,10285.0,1241.0,903.0
2025-04-24,7912.0,146.0,197.0,3100.0,8587.0,1781.0,4172.0,10436.0,1384.0,909.0
2025-04-25,8878.0,178.0,314.0,3963.0,10455.0,2927.0,4468.0,12782.0,1397.0,1230.0
2025-04-26,9463.0,190.0,222.0,2600.0,7843.0,1834.0,4347.0,10206.0,1371.0,1478.0
2025-04-27,10161.0,192.0,214.0,3442.0,8663.0,2243.0,4078.0,11286.0,1894.0,1606.0
2025-04-28,8064.0,196.0,230.0,3101.0,8073.0,1987.0,3933.0,9116.0,1767.0,1496.0
2025-04-29,8841.0,393.0,455.0,2802.0,11553.0,3703.0,3783.0,9580.0,1970.0,1592.0
2025-04-30,7819.0,850.0,680.0,1547.0,11693.0,3228.0,4065.0,11895.0,527.0,1183.0
2025-05-01,8290.0,800.0,924.0,1970.0,14645.0,2477.0,3452.0,9502.0,740.0,1559.0
2025-05-02,5336.0,187.0,168.0,3813.0,13396.0,3474.0,4844.0,12779.0,1814.0,1319.0
2025-05-03,6123.0,84.0,140.0,4276.0,12911.0,3510.0,6687.0,18957.0,1638.0,715.0
2025-05-04,8527.0,228.0,502.0,5203.0,11215.0,3597.0,3874.0,11795.0,2912.0,2272.0
2025-05-05,5826.0,826.0,887.0,3347.0,9784.0,3318.0,3122.0,11162.0,2409.0,2058.0
2025-05-06,13719.0,231.0,401.0,4330.0,11740.0,2822.0,5143.0,14896.0,1590.0,1529.0
2025-05-07,8691.0,187.0,194.0,2128.0,8081.0,1764.0,4231.0,10570.0,1179.0,957.0
2025-05-08,7096.0,173.0,245.0,2428.0,7576.0,1681.0,3670.0,9936.0,1204.0,884.0
2025-05-09,8454.0,90.0,203.0,3560.0,10197.0,2838.0,4786.0,12672.0,1380.0,759.0
2025-05-10,6308.0,151.0,174.0,2378.0,9500.0,1942.0,4331.0,9470.0,1265.0,603.0
2025-05-11,9402.0,202.0,197.0,3681.0,10315.0,3480.0,5688.0,16513.0,1558.0,884.0
2025-05-12,8239.0,143.0,182.0,2556.0,9023.0,1747.0,3970.0,9966.0,1418.0,844.0
2025-05-13,7237.0,124.0,137.0,2270.0,7627.0,1583.0,4146.0,9267.0,1229.0,835.0
2025-05-14,8281.0,107.0,133.0,2443.0,8113.0,1547.0,3978.0,9728.0,1268.0,779.0
2025-05-15,7194.0,105.0,166.0,3035.0,7895.0,1690.0,3963.0,9654.0,1428.0,888.0
2025-05-16,9656.0,222.0,155.0,4177.0,11865.0,3573.0,5257.0,14249.0,1742.0,1237.0
2025-05-17,6366.0,169.0,123.0,2499.0,11514.0,2230.0,4470.0,10170.0,1559.0,775.0
2025-05-19,8101.0,178.0,279.0,2814.0,8581.0,1917.0,4349.0,10401.0,1487.0,1014.0
2025-05-20,7015.0,202.0,254.0,2615.0,7424.0,1479.0,3936.0,9482.0,1278.0,903.0
2025-05-21,7297.0,137.0,196.0,2444.0,7554.0,1545.0,4035.0,9919.0,1222.0,802.0
2025-05-22,7123.0,177.0,127.0,2711.0,7569.0,1672.0,4045.0,9729.0,1418.0,958.0
2025-05-23,9523.0,190.0,221.0,3944.0,10902.0,2980.0,4903.0,13105.0,1803.0,1144.0
2025-05-24,6211.0,148.0,123.0,2507.0,10371.0,1961.0,4157.0,9073.0,1477.0,728.0
2025-05-25,8890.0,137.0,208.0,3465.0,10504.0,3555.0,5549.0,15259.0,1423.0,846.0
2025-05-26,7490.0,98.0,156.0,2258.0,8208.0,1787.0,4046.0,9661.0,1374.0,880.0
