time,ББОЉФЯ,ГЩЖМЖЋ,ЙужнФЯ,ККПк,КМжнЖЋ,КМжнЮї,ЩЯКЃ,ЩЯКЃКчЧХ,ЮфКК,ЮїАВББ
2023-01-01,1535.0,36.0,97.0,505.0,2879.0,207.0,796.0,4025.0,536.0,186.0
2023-01-02,2700.0,61.0,113.0,1340.0,4079.0,207.0,1098.0,5003.0,1001.0,432.0
2023-01-03,2935.0,52.0,98.0,781.0,2352.0,207.0,691.0,4126.0,904.0,383.0
2023-01-04,3019.0,52.0,108.0,722.0,3773.0,207.0,1286.0,5385.0,805.0,385.0
2023-01-05,3326.0,83.0,122.0,766.0,4306.0,244.0,1390.0,6070.0,797.0,359.0
2023-01-06,3858.0,67.0,164.0,944.0,6309.0,259.0,1800.0,8480.0,942.0,440.0
2023-01-07,3215.0,83.0,233.0,736.0,4294.0,415.0,1558.0,5974.0,747.0,381.0
2023-01-08,3274.0,95.0,228.0,937.0,4333.0,332.0,1624.0,5443.0,826.0,368.0
2023-01-09,3474.0,79.0,177.0,821.0,4208.0,350.0,1606.0,6257.0,860.0,328.0
2023-01-11,3061.0,57.0,265.0,643.0,2815.0,375.0,1068.0,5038.0,657.0,314.0
2023-01-12,4043.0,81.0,239.0,832.0,5106.0,458.0,1953.0,8655.0,874.0,383.0
2023-01-13,5018.0,63.0,469.0,868.0,7147.0,660.0,2656.0,12214.0,915.0,442.0
2023-01-14,5324.0,81.0,621.0,767.0,6478.0,1009.0,2272.0,9179.0,812.0,419.0
2023-01-15,4053.0,61.0,539.0,832.0,6201.0,763.0,2153.0,8982.0,708.0,413.0
2023-01-16,3956.0,77.0,499.0,742.0,5843.0,709.0,2223.0,9474.0,658.0,265.0
2023-01-17,4752.0,106.0,507.0,740.0,6846.0,811.0,2405.0,10923.0,714.0,307.0
2023-01-18,6821.0,147.0,595.0,842.0,7950.0,1068.0,2469.0,11680.0,662.0,357.0
2023-01-19,6707.0,147.0,570.0,688.0,6559.0,924.0,2334.0,11099.0,555.0,267.0
2023-01-20,5498.0,100.0,289.0,455.0,4688.0,493.0,2239.0,9606.0,501.0,290.0
2023-01-21,1786.0,26.0,73.0,276.0,1276.0,109.0,805.0,3957.0,227.0,84.0
2023-01-22,2715.0,20.0,33.0,467.0,1962.0,138.0,742.0,3174.0,322.0,144.0
2023-01-23,3747.0,83.0,99.0,930.0,3914.0,390.0,1575.0,5634.0,590.0,304.0
2023-01-24,3172.0,151.0,124.0,1732.0,5011.0,491.0,1631.0,5349.0,1079.0,680.0
2023-01-25,3288.0,447.0,330.0,1927.0,5361.0,516.0,1711.0,4490.0,1123.0,1158.0
2023-01-26,4286.0,1949.0,766.0,1140.0,5623.0,345.0,1755.0,4393.0,935.0,1512.0
2023-01-27,5065.0,1950.0,1122.0,1104.0,5996.0,409.0,1546.0,4299.0,1180.0,1273.0
2023-01-28,4997.0,1793.0,1074.0,1193.0,4800.0,401.0,1455.0,4075.0,1190.0,1212.0
2023-01-29,4430.0,2013.0,577.0,1337.0,4496.0,388.0,1376.0,4377.0,1167.0,1794.0
2023-01-30,4440.0,1927.0,473.0,2291.0,4456.0,354.0,1634.0,4782.0,1821.0,1287.0
2023-01-31,4437.0,949.0,429.0,694.0,4875.0,355.0,1918.0,5838.0,1230.0,1025.0
2023-02-01,3939.0,926.0,266.0,1711.0,3292.0,322.0,1290.0,4445.0,1122.0,1040.0
2023-02-02,4322.0,899.0,185.0,2218.0,5291.0,420.0,2514.0,7358.0,1471.0,1219.0
2023-02-03,5375.0,728.0,180.0,2429.0,8892.0,635.0,3882.0,11802.0,1801.0,1167.0
2023-02-04,3989.0,641.0,211.0,1970.0,5779.0,732.0,2830.0,8343.0,1746.0,1032.0
2023-02-05,3351.0,525.0,137.0,1835.0,5138.0,352.0,2413.0,6226.0,1295.0,1042.0
2023-02-06,4295.0,1187.0,239.0,2192.0,3814.0,521.0,1500.0,5467.0,1594.0,816.0
2023-02-07,4909.0,880.0,223.0,59.0,4961.0,480.0,2085.0,7242.0,1691.0,38.0
2023-02-08,5523.0,574.0,207.0,2805.0,6108.0,438.0,2670.0,9017.0,1789.0,1285.0
2023-02-09,5833.0,730.0,306.0,2605.0,6452.0,400.0,3009.0,9241.0,1989.0,1189.0
2023-02-10,7018.0,804.0,341.0,2989.0,10643.0,687.0,4497.0,14295.0,2063.0,1362.0
2023-02-11,6119.0,1204.0,568.0,2585.0,7884.0,836.0,3105.0,10061.0,2320.0,2141.0
2023-02-12,6175.0,923.0,583.0,3341.0,8625.0,692.0,3297.0,8593.0,2256.0,1972.0
2023-02-13,5327.0,429.0,350.0,1922.0,5750.0,609.0,2808.0,8694.0,1821.0,1266.0
2023-02-14,5302.0,397.0,234.0,1723.0,6022.0,473.0,2608.0,8463.0,1565.0,801.0
2023-02-15,6271.0,320.0,247.0,1811.0,7009.0,632.0,3234.0,9995.0,1758.0,993.0
2023-02-16,6314.0,414.0,271.0,2188.0,7675.0,545.0,3125.0,10330.0,1617.0,978.0
2023-02-17,7411.0,439.0,354.0,3333.0,12954.0,965.0,4170.0,15394.0,1641.0,1154.0
2023-02-18,5923.0,722.0,523.0,2937.0,9053.0,1315.0,3620.0,11744.0,1680.0,1274.0
2023-02-19,5876.0,437.0,481.0,3134.0,10001.0,757.0,3833.0,10270.0,1859.0,1330.0
2023-02-20,5433.0,220.0,327.0,2256.0,6246.0,641.0,2562.0,8798.0,1324.0,869.0
2023-02-21,5324.0,228.0,244.0,1756.0,6393.0,516.0,2687.0,9117.0,1181.0,722.0
2023-02-22,6000.0,181.0,259.0,1860.0,7020.0,657.0,2903.0,9848.0,1267.0,816.0
2023-02-23,6639.0,128.0,253.0,1934.0,7633.0,619.0,3097.0,10354.0,1338.0,754.0
2023-02-24,8291.0,175.0,449.0,3093.0,13631.0,1193.0,4282.0,16606.0,1707.0,962.0
2023-02-25,6265.0,185.0,432.0,1994.0,8686.0,1282.0,3659.0,12556.0,1302.0,792.0
2023-02-26,6326.0,217.0,458.0,3320.0,10118.0,748.0,3663.0,10706.0,1658.0,968.0
2023-02-27,5505.0,224.0,353.0,2243.0,6272.0,574.0,2548.0,8492.0,1370.0,885.0
2023-02-28,5841.0,167.0,391.0,2027.0,6467.0,379.0,2591.0,9057.0,1372.0,847.0
2023-03-01,6274.0,179.0,306.0,2186.0,7020.0,365.0,2716.0,9356.0,1322.0,988.0
2023-03-02,5838.0,163.0,289.0,1874.0,6943.0,413.0,2795.0,9818.0,1445.0,718.0
2023-03-03,7457.0,143.0,308.0,3130.0,13519.0,750.0,3902.0,15646.0,2185.0,901.0
2023-03-04,4745.0,116.0,319.0,1828.0,8674.0,972.0,3295.0,10615.0,1473.0,717.0
2023-03-05,5041.0,171.0,439.0,2977.0,10657.0,589.0,3765.0,10081.0,1329.0,912.0
2023-03-06,4922.0,143.0,334.0,1896.0,6450.0,459.0,2549.0,8647.0,1375.0,889.0
2023-03-07,3918.0,150.0,239.0,1083.0,3220.0,330.0,1510.0,5500.0,1128.0,632.0
2023-03-08,5692.0,136.0,278.0,1795.0,6813.0,380.0,2794.0,10058.0,1287.0,707.0
2023-03-09,6398.0,197.0,313.0,2123.0,7595.0,498.0,3056.0,10788.0,1507.0,1071.0
2023-03-10,8049.0,153.0,422.0,3460.0,14017.0,907.0,4017.0,16551.0,1921.0,927.0
2023-03-11,4954.0,149.0,351.0,1712.0,8837.0,1186.0,3294.0,11788.0,1503.0,897.0
2023-03-12,5176.0,161.0,451.0,3029.0,10640.0,652.0,3674.0,10672.0,1477.0,940.0
2023-03-13,5492.0,136.0,415.0,2521.0,6433.0,579.0,2397.0,8799.0,1568.0,888.0
2023-03-14,5894.0,175.0,346.0,1993.0,6904.0,430.0,2711.0,9812.0,1388.0,763.0
2023-03-15,6539.0,167.0,354.0,2492.0,7784.0,535.0,3203.0,10905.0,1315.0,877.0
2023-03-16,7013.0,169.0,357.0,2598.0,8683.0,777.0,3406.0,12272.0,1507.0,961.0
2023-03-17,8169.0,166.0,467.0,3752.0,14793.0,1190.0,4217.0,18382.0,1810.0,923.0
2023-03-18,6337.0,167.0,595.0,2320.0,10103.0,1763.0,3625.0,13179.0,1633.0,931.0
2023-03-19,6820.0,194.0,507.0,3731.0,12026.0,773.0,4193.0,13221.0,1785.0,1089.0
2023-03-20,6634.0,275.0,465.0,2852.0,7500.0,791.0,2903.0,10337.0,1420.0,1117.0
2023-03-21,6717.0,166.0,396.0,2092.0,7320.0,555.0,3024.0,9736.0,1473.0,852.0
2023-03-22,7035.0,253.0,426.0,2436.0,7536.0,554.0,3083.0,10721.0,1438.0,953.0
2023-03-23,7345.0,261.0,357.0,2624.0,7941.0,599.0,3252.0,11508.0,1351.0,1037.0
2023-03-24,8422.0,230.0,403.0,4156.0,14203.0,1705.0,4060.0,18152.0,1874.0,1065.0
2023-03-25,7538.0,275.0,531.0,2489.0,9767.0,1759.0,3930.0,14391.0,1594.0,823.0
2023-03-26,7011.0,310.0,804.0,3594.0,11722.0,866.0,4624.0,13650.0,1806.0,940.0
2023-03-27,6331.0,269.0,480.0,3388.0,7352.0,929.0,3267.0,10778.0,1421.0,973.0
2023-03-28,7199.0,226.0,488.0,2663.0,8278.0,569.0,3300.0,11802.0,1467.0,1014.0
2023-03-29,7142.0,171.0,390.0,3137.0,8546.0,553.0,3465.0,13354.0,1384.0,917.0
2023-03-30,7676.0,209.0,591.0,3534.0,8580.0,629.0,3624.0,13324.0,1550.0,1059.0
2023-03-31,9779.0,173.0,645.0,4369.0,14308.0,2663.0,3593.0,18420.0,2259.0,1045.0
2023-04-01,8059.0,252.0,559.0,2585.0,10359.0,1618.0,3362.0,15135.0,1396.0,1022.0
2023-04-02,6665.0,265.0,438.0,3692.0,12196.0,1307.0,4562.0,13136.0,1626.0,872.0
2023-04-03,4943.0,251.0,379.0,2685.0,7210.0,795.0,2955.0,9979.0,1204.0,867.0
2023-04-04,4508.0,134.0,294.0,1370.0,5268.0,569.0,2258.0,6906.0,1087.0,695.0
2023-04-05,4809.0,145.0,349.0,1753.0,4048.0,652.0,1613.0,4672.0,1135.0,698.0
2023-04-06,6056.0,161.0,345.0,2858.0,7331.0,836.0,3218.0,10774.0,1159.0,860.0
2023-04-07,7921.0,198.0,362.0,4129.0,14018.0,1355.0,4081.0,16126.0,1642.0,788.0
2023-04-08,6449.0,196.0,330.0,2943.0,10484.0,1671.0,3613.0,13467.0,1421.0,901.0
2023-04-09,7437.0,288.0,466.0,3959.0,13698.0,2262.0,4512.0,14449.0,1631.0,1285.0
2023-04-10,7014.0,311.0,439.0,3817.0,8377.0,1261.0,3049.0,11256.0,1424.0,1294.0
2023-04-12,7631.0,275.0,330.0,2880.0,8671.0,933.0,3550.0,11484.0,1317.0,1044.0
2023-04-13,7939.0,363.0,392.0,2830.0,8700.0,884.0,3762.0,12178.0,1331.0,1011.0
2023-04-14,8846.0,355.0,420.0,4184.0,15331.0,1736.0,4001.0,17928.0,1978.0,1206.0
2023-04-15,7622.0,398.0,357.0,3747.0,11561.0,1705.0,3750.0,14192.0,1494.0,1050.0
2023-04-16,7977.0,408.0,360.0,3080.0,4154.0,1598.0,4775.0,562.0,1800.0,976.0
2023-04-17,6622.0,418.0,364.0,3897.0,8798.0,1138.0,3092.0,11209.0,1292.0,1295.0
2023-04-18,5467.0,331.0,400.0,2174.0,5022.0,598.0,2125.0,7128.0,1138.0,996.0
2023-04-20,7421.0,367.0,755.0,3364.0,9218.0,876.0,3782.0,14182.0,1474.0,1244.0
2023-04-21,8462.0,357.0,501.0,3739.0,12529.0,1327.0,3948.0,16574.0,1678.0,1329.0
2023-04-22,6015.0,358.0,424.0,2630.0,9014.0,960.0,3391.0,11303.0,1315.0,1064.0
2023-04-23,6827.0,420.0,483.0,2958.0,9028.0,889.0,3164.0,11248.0,1963.0,892.0
2023-04-24,7115.0,345.0,638.0,2332.0,8288.0,928.0,3044.0,10524.0,1268.0,888.0
2023-04-25,7427.0,260.0,435.0,2356.0,9126.0,1083.0,3181.0,11987.0,1149.0,990.0
2023-04-26,8153.0,379.0,708.0,2524.0,13517.0,1831.0,3563.0,15469.0,1250.0,1106.0
2023-04-27,11687.0,689.0,1134.0,3885.0,13213.0,2954.0,3276.0,13282.0,2149.0,1640.0
2023-04-28,3310.0,595.0,1264.0,3155.0,13510.0,3692.0,2497.0,8067.0,1928.0,1480.0
2023-04-29,3061.0,620.0,1341.0,2800.0,10581.0,2649.0,4295.0,8070.0,1587.0,1150.0
2023-04-30,8706.0,320.0,945.0,3897.0,13876.0,3425.0,3085.0,12424.0,2268.0,1185.0
2023-05-01,5800.0,189.0,509.0,3283.0,15550.0,2473.0,3830.0,14848.0,1657.0,937.0
2023-05-02,4245.0,379.0,1067.0,1480.0,18547.0,2715.0,4127.0,13988.0,1383.0,1301.0
2023-05-03,3119.0,685.0,1365.0,217.0,14072.0,2290.0,2415.0,9858.0,1351.0,1083.0
2023-05-04,7806.0,672.0,816.0,1414.0,9095.0,1082.0,2496.0,10552.0,1598.0,1662.0
2023-05-05,4603.0,335.0,527.0,3091.0,7044.0,846.0,2650.0,8653.0,1639.0,966.0
2023-05-06,4622.0,228.0,475.0,2672.0,7929.0,760.0,3094.0,9205.0,1309.0,706.0
2023-05-07,5255.0,249.0,568.0,2548.0,7737.0,735.0,2784.0,7883.0,1301.0,793.0
2023-05-08,6125.0,240.0,487.0,3137.0,7353.0,816.0,3035.0,10608.0,1360.0,1081.0
2023-05-09,6653.0,124.0,324.0,2510.0,7597.0,574.0,3273.0,11356.0,1166.0,906.0
2023-05-10,6802.0,103.0,298.0,2558.0,8323.0,680.0,3466.0,11247.0,1241.0,927.0
2023-05-11,7431.0,149.0,403.0,2829.0,8842.0,896.0,3638.0,11199.0,1211.0,998.0
2023-05-12,9231.0,202.0,399.0,3939.0,15115.0,1759.0,4468.0,16175.0,1698.0,1122.0
2023-05-13,6527.0,177.0,469.0,2829.0,10273.0,1908.0,3851.0,13437.0,1233.0,1072.0
2023-05-14,7138.0,185.0,467.0,3878.0,12119.0,1477.0,4429.0,13485.0,1430.0,1115.0
2023-05-15,6693.0,212.0,400.0,3056.0,7562.0,1050.0,3280.0,12331.0,1314.0,1122.0
2023-05-16,6874.0,134.0,328.0,2262.0,7711.0,687.0,3467.0,12488.0,1267.0,889.0
2023-05-17,7314.0,149.0,332.0,2164.0,7753.0,604.0,3420.0,11747.0,1448.0,874.0
2023-05-18,7154.0,277.0,373.0,2687.0,8344.0,846.0,3823.0,11598.0,1246.0,907.0
2023-05-19,8948.0,248.0,439.0,3969.0,14974.0,1859.0,4426.0,17550.0,1827.0,1135.0
2023-05-20,5734.0,245.0,411.0,2948.0,7579.0,1773.0,2905.0,10408.0,1295.0,997.0
2023-05-21,6462.0,273.0,499.0,3895.0,13464.0,1467.0,4389.0,13125.0,1725.0,1107.0
2023-05-22,6265.0,248.0,443.0,2979.0,8013.0,967.0,2896.0,10382.0,1157.0,866.0
2023-05-23,6340.0,212.0,354.0,2064.0,7251.0,694.0,3214.0,10528.0,1289.0,826.0
2023-05-24,6543.0,292.0,833.0,2142.0,8028.0,507.0,3868.0,12223.0,1311.0,758.0
2023-05-25,7070.0,422.0,717.0,2333.0,8581.0,717.0,4030.0,13294.0,1301.0,877.0
2023-05-26,8575.0,189.0,398.0,3494.0,13954.0,1737.0,4035.0,16725.0,1529.0,1268.0
2023-05-27,5877.0,232.0,349.0,2108.0,9525.0,1497.0,3477.0,11839.0,1368.0,984.0
2023-05-28,6548.0,177.0,298.0,3342.0,11223.0,1083.0,3823.0,10214.0,1658.0,794.0
2023-05-29,5907.0,122.0,269.0,2772.0,7002.0,845.0,2808.0,9373.0,1341.0,974.0
2023-05-30,5774.0,145.0,307.0,1810.0,6605.0,601.0,3159.0,10385.0,1334.0,856.0
2023-05-31,6402.0,138.0,285.0,2034.0,7392.0,530.0,3396.0,10435.0,1339.0,1016.0
2023-06-01,6308.0,108.0,290.0,2011.0,7580.0,720.0,3317.0,10472.0,1364.0,917.0
2023-06-02,7685.0,106.0,327.0,3293.0,13591.0,1390.0,4051.0,15297.0,1659.0,977.0
2023-06-03,5265.0,122.0,225.0,1798.0,8607.0,1578.0,3430.0,10750.0,1390.0,1012.0
2023-06-04,6592.0,307.0,271.0,3499.0,11009.0,995.0,3980.0,9765.0,1379.0,859.0
2023-06-05,6199.0,130.0,266.0,2578.0,6928.0,967.0,2954.0,9441.0,1336.0,825.0
2023-06-06,6590.0,120.0,375.0,2138.0,7267.0,687.0,3273.0,10938.0,1383.0,863.0
2023-06-07,6836.0,124.0,329.0,2109.0,7703.0,609.0,3481.0,11433.0,1340.0,771.0
2023-06-08,6444.0,136.0,291.0,2287.0,8124.0,710.0,3841.0,11470.0,1446.0,855.0
2023-06-09,7984.0,201.0,284.0,3475.0,13432.0,1498.0,4092.0,15877.0,1826.0,1298.0
2023-06-10,5636.0,154.0,322.0,2620.0,9553.0,1693.0,3798.0,12498.0,1305.0,1172.0
2023-06-11,6047.0,210.0,464.0,3643.0,10333.0,1004.0,4014.0,11037.0,1632.0,1265.0
2023-06-12,6275.0,132.0,461.0,2630.0,7424.0,937.0,3322.0,10499.0,1354.0,1074.0
2023-06-13,6351.0,150.0,397.0,2487.0,8034.0,773.0,3558.0,10994.0,1449.0,980.0
2023-06-14,6489.0,167.0,333.0,2345.0,8644.0,611.0,3795.0,11489.0,1544.0,886.0
2023-06-15,6999.0,216.0,355.0,2714.0,9155.0,917.0,3996.0,12529.0,1376.0,964.0
2023-06-16,8544.0,232.0,440.0,3721.0,12649.0,1622.0,4552.0,16007.0,1665.0,1254.0
2023-06-17,6698.0,339.0,344.0,2900.0,9318.0,1628.0,3793.0,12701.0,1522.0,1235.0
2023-06-18,6468.0,342.0,458.0,3799.0,10936.0,1140.0,4110.0,12016.0,1605.0,1155.0
2023-06-19,6228.0,281.0,325.0,3438.0,8592.0,1392.0,3585.0,12011.0,1395.0,1098.0
2023-06-20,6981.0,312.0,322.0,2795.0,10001.0,1330.0,4595.0,17457.0,1556.0,1026.0
2023-06-21,11000.0,390.0,552.0,5557.0,18007.0,2892.0,4562.0,16739.0,1855.0,1358.0
2023-06-22,10016.0,177.0,435.0,4184.0,13248.0,4820.0,3319.0,18450.0,2083.0,1220.0
2023-06-23,3954.0,213.0,290.0,2434.0,10164.0,1419.0,4371.0,13071.0,1335.0,930.0
2023-06-24,8612.0,381.0,572.0,4510.0,14496.0,1395.0,4621.0,13856.0,1663.0,1988.0
2023-06-25,10260.0,437.0,535.0,3970.0,8222.0,1040.0,3283.0,10237.0,1364.0,2039.0
2023-06-26,10976.0,373.0,449.0,3907.0,7060.0,909.0,3069.0,10414.0,1257.0,2291.0
2023-06-27,11271.0,382.0,384.0,3762.0,8362.0,1183.0,3686.0,12109.0,1066.0,2292.0
2023-06-28,11140.0,441.0,440.0,3971.0,9265.0,1363.0,4040.0,13976.0,1248.0,2123.0
2023-06-29,10424.0,563.0,531.0,3680.0,9635.0,1595.0,4255.0,16332.0,1217.0,1999.0
2023-06-30,10378.0,766.0,596.0,3748.0,12608.0,1812.0,4120.0,16682.0,1710.0,1673.0
2023-07-01,9309.0,938.0,591.0,2890.0,10745.0,1945.0,3586.0,14473.0,1516.0,1935.0
2023-07-02,7319.0,801.0,735.0,3006.0,11096.0,1247.0,4192.0,15514.0,1464.0,2040.0
2023-07-03,8672.0,695.0,652.0,2634.0,8541.0,1292.0,3574.0,13949.0,1530.0,2166.0
2023-07-05,8314.0,689.0,674.0,2673.0,8689.0,1616.0,3962.0,14617.0,1824.0,2120.0
2023-07-06,10120.0,720.0,601.0,2942.0,9641.0,1343.0,3947.0,15315.0,2013.0,1864.0
2023-07-07,9580.0,931.0,796.0,3276.0,11705.0,1487.0,4024.0,17729.0,2085.0,2202.0
2023-07-08,9452.0,1111.0,1014.0,2658.0,9557.0,2381.0,3761.0,13980.0,1958.0,2230.0
2023-07-09,8021.0,1122.0,903.0,3116.0,10709.0,1178.0,4133.0,13412.0,1876.0,2152.0
2023-07-10,7975.0,932.0,934.0,2733.0,7074.0,1519.0,2607.0,8927.0,1898.0,1817.0
2023-07-11,8280.0,769.0,1049.0,2634.0,8056.0,1242.0,3369.0,12347.0,2092.0,1564.0
2023-07-13,8365.0,744.0,827.0,3192.0,9059.0,1130.0,4039.0,14437.0,1884.0,1568.0
2023-07-14,9472.0,998.0,1118.0,3611.0,12523.0,1447.0,3837.0,15896.0,2279.0,1734.0
2023-07-15,9946.0,961.0,1051.0,2812.0,7659.0,2605.0,3435.0,6983.0,1501.0,1539.0
2023-07-16,8203.0,924.0,985.0,3285.0,113.0,238.0,3037.0,84.0,1653.0,1408.0
2023-07-17,7367.0,887.0,919.0,3334.0,6873.0,1434.0,2640.0,8694.0,1828.0,1702.0
2023-07-18,6393.0,779.0,808.0,2804.0,6243.0,971.0,2627.0,8626.0,1588.0,1679.0
2023-07-19,7539.0,669.0,978.0,3171.0,8931.0,1112.0,3711.0,12453.0,1544.0,1681.0
2023-07-20,8020.0,780.0,951.0,3086.0,9375.0,1164.0,3851.0,13003.0,1600.0,1668.0
2023-07-21,9890.0,586.0,962.0,3301.0,12920.0,1494.0,4090.0,16903.0,1703.0,1911.0
2023-07-22,8265.0,770.0,1100.0,2929.0,10114.0,2720.0,3842.0,16206.0,1661.0,1868.0
2023-07-23,8225.0,897.0,1110.0,3532.0,11665.0,1480.0,4601.0,14965.0,1712.0,1822.0
2023-07-24,7980.0,652.0,1061.0,3354.0,9125.0,1352.0,3624.0,12439.0,2035.0,1709.0
2023-07-25,6470.0,605.0,865.0,2436.0,6980.0,1237.0,2694.0,8893.0,1727.0,1677.0
2023-07-26,8279.0,634.0,965.0,3009.0,9319.0,1496.0,3712.0,13189.0,1841.0,2009.0
2023-07-27,7449.0,571.0,921.0,2735.0,8031.0,1219.0,2919.0,10303.0,1558.0,1725.0
2023-07-28,10073.0,775.0,1183.0,3689.0,13027.0,2174.0,3808.0,15784.0,2016.0,1976.0
2023-07-29,8641.0,852.0,1246.0,3235.0,8571.0,2418.0,3263.0,11443.0,2042.0,2139.0
2023-07-30,8694.0,1046.0,1104.0,3967.0,9481.0,1321.0,3946.0,11311.0,1867.0,2160.0
2023-07-31,7639.0,930.0,1273.0,3237.0,7188.0,1477.0,3127.0,10267.0,1978.0,2229.0
2023-08-01,6976.0,670.0,985.0,3338.0,6836.0,1705.0,2871.0,10290.0,2174.0,1822.0
2023-08-02,7026.0,646.0,954.0,3178.0,6981.0,1435.0,2809.0,9581.0,1867.0,1781.0
2023-08-04,9689.0,843.0,1144.0,4020.0,12381.0,2604.0,4238.0,16657.0,2075.0,2181.0
2023-08-05,9075.0,961.0,1207.0,3947.0,9242.0,3242.0,3671.0,14673.0,2114.0,2217.0
2023-08-06,8575.0,1025.0,1113.0,3822.0,10843.0,2225.0,4202.0,14665.0,1949.0,1955.0
2023-08-07,8018.0,890.0,1015.0,3675.0,8593.0,1880.0,2998.0,11701.0,1792.0,2352.0
2023-08-08,7508.0,678.0,742.0,3139.0,8072.0,1508.0,2855.0,10157.0,1753.0,1924.0
2023-08-09,8069.0,691.0,884.0,3516.0,9972.0,1712.0,4157.0,14620.0,1796.0,1760.0
2023-08-10,7955.0,718.0,978.0,3547.0,10110.0,1961.0,4313.0,16607.0,1810.0,1649.0
2023-08-11,9274.0,668.0,1136.0,3821.0,13109.0,3013.0,4433.0,18694.0,1858.0,2007.0
2023-08-12,8296.0,976.0,1144.0,3622.0,9634.0,3550.0,3599.0,14016.0,1759.0,2060.0
2023-08-13,8339.0,868.0,1142.0,4076.0,10794.0,2496.0,4121.0,13592.0,1999.0,1907.0
2023-08-14,7864.0,832.0,1127.0,3592.0,8366.0,1882.0,3019.0,10923.0,1928.0,1808.0
2023-08-15,6895.0,727.0,788.0,2873.0,8402.0,1773.0,2837.0,10570.0,1924.0,1605.0
2023-08-16,8037.0,714.0,1074.0,3145.0,8510.0,1868.0,3291.0,11302.0,1958.0,1620.0
2023-08-17,7732.0,561.0,733.0,3063.0,9188.0,2217.0,3510.0,12435.0,1817.0,1621.0
2023-08-18,8655.0,709.0,1023.0,3711.0,12120.0,3414.0,4192.0,17627.0,1618.0,1765.0
2023-08-19,8515.0,866.0,1037.0,3545.0,10032.0,4512.0,4265.0,17149.0,1702.0,1712.0
2023-08-20,7586.0,816.0,1099.0,3684.0,10709.0,2872.0,4386.0,14624.0,1323.0,1603.0
2023-08-21,7597.0,578.0,1019.0,3462.0,7901.0,2935.0,4082.0,15482.0,1746.0,1705.0
2023-08-22,7196.0,541.0,712.0,2559.0,8633.0,2021.0,3943.0,13918.0,1658.0,1632.0
2023-08-23,7398.0,546.0,824.0,2678.0,7739.0,2043.0,3115.0,10873.0,1555.0,1556.0
2023-08-24,7563.0,553.0,790.0,2652.0,7877.0,1785.0,3276.0,11140.0,1576.0,1683.0
2023-08-25,9401.0,718.0,1191.0,3595.0,11328.0,3008.0,4037.0,16222.0,1706.0,1796.0
2023-08-26,7748.0,1038.0,1031.0,3244.0,8909.0,3598.0,3600.0,13477.0,1762.0,1783.0
2023-08-27,8176.0,740.0,1021.0,3708.0,10507.0,2144.0,3684.0,11839.0,1612.0,1844.0
2023-08-28,7165.0,603.0,726.0,2702.0,7446.0,1772.0,3173.0,11016.0,1647.0,1576.0
2023-08-29,6589.0,598.0,539.0,2099.0,7407.0,1123.0,3602.0,11487.0,1531.0,1437.0
2023-08-30,6424.0,476.0,610.0,1944.0,5526.0,742.0,2668.0,7578.0,1463.0,1430.0
2023-09-04,5898.0,298.0,768.0,2224.0,6215.0,1117.0,3100.0,8745.0,1469.0,1048.0
2023-09-06,7169.0,349.0,483.0,2174.0,7882.0,859.0,3341.0,10487.0,1509.0,1008.0
2023-09-07,7133.0,447.0,595.0,2403.0,7542.0,977.0,3530.0,10357.0,1629.0,1113.0
2023-09-08,8934.0,515.0,602.0,3009.0,11366.0,1552.0,4071.0,15400.0,1957.0,1233.0
2023-09-09,5960.0,623.0,646.0,2277.0,8129.0,2241.0,3423.0,11628.0,1543.0,1155.0
2023-09-10,6719.0,333.0,447.0,2924.0,9846.0,1184.0,4149.0,10570.0,1777.0,1330.0
2023-09-11,6619.0,255.0,420.0,2268.0,6209.0,983.0,3135.0,9324.0,1542.0,995.0
2023-09-12,6393.0,226.0,392.0,1881.0,6567.0,626.0,3298.0,9725.0,1407.0,962.0
2023-09-13,7368.0,253.0,306.0,2012.0,6871.0,641.0,3483.0,10790.0,1317.0,959.0
2023-09-15,9058.0,230.0,471.0,3451.0,12457.0,1431.0,3710.0,16966.0,1887.0,1120.0
2023-09-16,6946.0,257.0,398.0,2646.0,8984.0,2385.0,3809.0,13764.0,1510.0,1412.0
2023-09-17,6861.0,367.0,418.0,2874.0,10737.0,823.0,4279.0,11055.0,1377.0,1481.0
2023-09-19,6569.0,222.0,491.0,1947.0,6697.0,676.0,3371.0,10305.0,1354.0,908.0
2023-09-20,7244.0,257.0,329.0,2218.0,7476.0,687.0,3663.0,11622.0,1509.0,930.0
2023-09-21,7551.0,306.0,319.0,2054.0,7782.0,743.0,3652.0,11804.0,1461.0,1091.0
2023-09-22,8702.0,320.0,427.0,3076.0,11875.0,1098.0,3837.0,15911.0,1917.0,1299.0
2023-09-23,6819.0,335.0,418.0,2111.0,8291.0,1625.0,3531.0,12264.0,1415.0,1134.0
2023-09-24,7160.0,354.0,416.0,2713.0,9728.0,857.0,3884.0,10199.0,1195.0,1317.0
2023-09-25,7161.0,324.0,367.0,1925.0,7415.0,1007.0,3302.0,10623.0,1294.0,859.0
2023-09-26,7476.0,457.0,801.0,1790.0,10832.0,1460.0,3786.0,15753.0,1174.0,1021.0
2023-09-27,13228.0,512.0,1139.0,2732.0,11110.0,3270.0,2872.0,12301.0,1339.0,1369.0
2023-09-28,8721.0,851.0,1099.0,3273.0,10175.0,4083.0,3754.0,9543.0,1550.0,1659.0
2023-09-29,5238.0,1237.0,1197.0,2192.0,7303.0,2538.0,2608.0,10620.0,1217.0,797.0
2023-09-30,6800.0,735.0,1158.0,3432.0,9078.0,3126.0,2616.0,13571.0,2229.0,1244.0
2023-10-01,11682.0,206.0,1005.0,3502.0,10638.0,2919.0,3362.0,14832.0,2112.0,1375.0
2023-10-03,7074.0,342.0,733.0,2597.0,12995.0,3630.0,4150.0,13909.0,1364.0,984.0
2023-10-04,8011.0,880.0,1379.0,359.0,12151.0,3693.0,3448.0,10987.0,697.0,791.0
2023-10-05,8612.0,809.0,1500.0,113.0,11240.0,3186.0,3173.0,10074.0,697.0,333.0
2023-10-06,7012.0,753.0,1065.0,203.0,9179.0,2150.0,2638.0,8234.0,733.0,843.0
2023-10-07,5412.0,697.0,630.0,292.0,7119.0,1113.0,2103.0,6395.0,768.0,1354.0
2023-10-08,44.0,706.0,676.0,3327.0,7461.0,848.0,2351.0,8371.0,1473.0,888.0
2023-10-09,5498.0,273.0,231.0,3236.0,5860.0,793.0,2609.0,7415.0,1496.0,988.0
2023-10-10,5711.0,130.0,216.0,2116.0,6043.0,687.0,3061.0,8269.0,1483.0,997.0
2023-10-12,6745.0,158.0,295.0,2028.0,7094.0,922.0,3379.0,10195.0,1616.0,943.0
2023-10-13,8596.0,206.0,314.0,3157.0,12259.0,2152.0,4507.0,16213.0,2343.0,962.0
2023-10-14,6241.0,234.0,302.0,1732.0,8719.0,1684.0,4114.0,12640.0,1443.0,935.0
2023-10-15,7194.0,486.0,367.0,2739.0,10017.0,1366.0,4482.0,12966.0,2227.0,1308.0
2023-10-16,7670.0,209.0,368.0,2436.0,6898.0,1174.0,3484.0,11388.0,1672.0,1318.0
2023-10-17,7956.0,228.0,276.0,2185.0,7775.0,766.0,3885.0,11188.0,1926.0,1256.0
2023-10-18,7938.0,256.0,334.0,2511.0,8542.0,939.0,3905.0,11578.0,1810.0,1174.0
2023-10-19,8538.0,206.0,473.0,2387.0,8173.0,893.0,3904.0,12119.0,1871.0,1230.0
2023-10-20,10234.0,327.0,531.0,3050.0,12223.0,1942.0,3858.0,17108.0,3256.0,1324.0
2023-10-21,8985.0,312.0,371.0,2479.0,10349.0,2098.0,4686.0,15762.0,2256.0,1255.0
2023-10-22,7637.0,320.0,338.0,2820.0,10777.0,1212.0,4512.0,12096.0,2537.0,1262.0
2023-10-23,7185.0,275.0,321.0,2234.0,6851.0,1020.0,3268.0,10031.0,1726.0,1128.0
2023-10-24,6672.0,193.0,306.0,1680.0,6486.0,745.0,3329.0,9775.0,1548.0,869.0
2023-10-25,7836.0,224.0,575.0,2181.0,7621.0,796.0,3872.0,11281.0,1714.0,893.0
2023-10-26,8494.0,213.0,466.0,2464.0,8085.0,957.0,4185.0,11971.0,1985.0,1134.0
2023-10-27,9997.0,230.0,458.0,3626.0,12189.0,1972.0,4324.0,17910.0,3135.0,1303.0
2023-10-29,7322.0,261.0,314.0,2802.0,11077.0,1563.0,4605.0,12436.0,2333.0,1267.0
2023-10-30,6701.0,192.0,266.0,2422.0,6668.0,924.0,3117.0,8989.0,1810.0,1160.0
2023-10-31,6661.0,146.0,214.0,1643.0,6634.0,692.0,3183.0,9137.0,1435.0,890.0
2023-11-01,7712.0,118.0,332.0,1989.0,7330.0,725.0,3607.0,9687.0,1550.0,741.0
2023-11-02,6771.0,116.0,284.0,2044.0,7925.0,908.0,3771.0,10766.0,1828.0,791.0
2023-11-03,9636.0,151.0,439.0,3227.0,11421.0,2207.0,4184.0,16456.0,2646.0,949.0
2023-11-04,6040.0,104.0,443.0,2107.0,9622.0,1797.0,4220.0,14009.0,2114.0,845.0
2023-11-05,6139.0,193.0,378.0,2979.0,10570.0,1083.0,3892.0,10310.0,1948.0,871.0
2023-11-06,6987.0,201.0,282.0,2289.0,6879.0,1007.0,3135.0,10295.0,1654.0,761.0
2023-11-07,6252.0,104.0,262.0,1943.0,6549.0,684.0,3419.0,10503.0,1464.0,673.0
2023-11-08,7293.0,96.0,243.0,1910.0,7078.0,687.0,3801.0,10872.0,1434.0,700.0
2023-11-09,6959.0,110.0,232.0,2097.0,7520.0,752.0,3814.0,11059.0,1892.0,720.0
2023-11-10,9685.0,167.0,357.0,3466.0,12186.0,2291.0,4401.0,18023.0,2898.0,928.0
2023-11-11,7979.0,107.0,257.0,2737.0,11555.0,2217.0,5878.0,18019.0,2650.0,710.0
2023-11-12,6614.0,271.0,324.0,3136.0,11373.0,1161.0,4886.0,12632.0,1999.0,757.0
2023-11-13,6134.0,89.0,284.0,1871.0,6841.0,908.0,3473.0,10288.0,1549.0,834.0
2023-11-14,6158.0,89.0,244.0,1524.0,6937.0,638.0,3731.0,9823.0,1539.0,697.0
2023-11-15,6609.0,75.0,349.0,2226.0,7678.0,708.0,4150.0,10691.0,1516.0,717.0
2023-11-16,7123.0,79.0,297.0,1980.0,8265.0,821.0,4092.0,11620.0,1623.0,766.0
2023-11-17,9264.0,102.0,400.0,3494.0,12143.0,1695.0,4756.0,17481.0,2605.0,884.0
2023-11-18,6190.0,99.0,245.0,1949.0,10215.0,2013.0,5061.0,16855.0,1753.0,639.0
2023-11-19,6293.0,93.0,325.0,2960.0,11233.0,1145.0,4903.0,13522.0,1737.0,801.0
2023-11-20,6047.0,114.0,330.0,2625.0,6874.0,1015.0,3513.0,9926.0,1691.0,747.0
2023-11-21,5900.0,104.0,205.0,2014.0,6804.0,618.0,3709.0,10138.0,1460.0,712.0
2023-11-22,6809.0,83.0,279.0,1857.0,7030.0,723.0,3851.0,10806.0,1628.0,725.0
2023-11-23,7555.0,69.0,306.0,1869.0,7576.0,750.0,3920.0,10902.0,1792.0,766.0
2023-11-24,9297.0,118.0,404.0,3252.0,12669.0,1639.0,4461.0,17308.0,2429.0,971.0
2023-11-25,5672.0,81.0,318.0,1890.0,9749.0,1762.0,4826.0,16452.0,1693.0,854.0
2023-11-26,6114.0,100.0,327.0,3318.0,10645.0,980.0,4542.0,11902.0,1780.0,1106.0
2023-11-27,5581.0,585.0,266.0,2751.0,6704.0,889.0,3454.0,9485.0,1748.0,797.0
2023-11-28,5993.0,87.0,298.0,1661.0,6423.0,631.0,3531.0,9415.0,1593.0,693.0
2023-11-29,6715.0,126.0,252.0,1884.0,6822.0,572.0,3585.0,9698.0,1586.0,687.0
2023-11-30,6762.0,112.0,325.0,1811.0,6995.0,768.0,3812.0,10601.0,1631.0,721.0
2023-12-01,8799.0,81.0,341.0,3031.0,11756.0,1996.0,4507.0,17383.0,2381.0,786.0
2023-12-02,5291.0,77.0,244.0,1575.0,9356.0,1800.0,4862.0,15782.0,1581.0,548.0
2023-12-03,5831.0,122.0,302.0,2699.0,10361.0,1083.0,4235.0,10724.0,1809.0,727.0
2023-12-04,5719.0,71.0,262.0,1798.0,6379.0,861.0,3378.0,8644.0,1563.0,783.0
2023-12-05,6122.0,130.0,221.0,1512.0,6025.0,666.0,3324.0,9230.0,1417.0,613.0
2023-12-06,6557.0,75.0,269.0,1599.0,6452.0,723.0,3745.0,10098.0,1548.0,709.0
2023-12-07,6404.0,112.0,260.0,1708.0,7393.0,856.0,3892.0,10444.0,1543.0,681.0
2023-12-08,8614.0,142.0,312.0,3060.0,12144.0,1830.0,4692.0,16098.0,2272.0,776.0
2023-12-09,6380.0,103.0,308.0,2407.0,9431.0,1720.0,4666.0,14195.0,2338.0,686.0
2023-12-10,5782.0,103.0,366.0,2487.0,9819.0,1060.0,4028.0,10565.0,1506.0,654.0
2023-12-11,5510.0,77.0,245.0,1673.0,6413.0,838.0,3054.0,8848.0,1459.0,740.0
2023-12-12,5499.0,100.0,218.0,1356.0,5800.0,642.0,3100.0,8762.0,1320.0,645.0
2023-12-13,7244.0,114.0,212.0,1366.0,6473.0,603.0,3297.0,9202.0,1280.0,561.0
2023-12-14,7373.0,61.0,223.0,1657.0,8507.0,944.0,4208.0,11746.0,1623.0,508.0
2023-12-15,8467.0,157.0,255.0,2797.0,11579.0,1830.0,4656.0,16364.0,2582.0,820.0
2023-12-16,8257.0,126.0,221.0,1407.0,8401.0,1448.0,4026.0,12669.0,1518.0,618.0
2023-12-17,5379.0,104.0,351.0,2234.0,9184.0,883.0,3896.0,9231.0,1384.0,576.0
2023-12-18,5222.0,87.0,244.0,1854.0,6112.0,783.0,3079.0,9115.0,1485.0,635.0
2023-12-19,5446.0,143.0,154.0,1935.0,5859.0,565.0,3253.0,9270.0,1997.0,606.0
2023-12-20,5929.0,93.0,262.0,1714.0,6189.0,592.0,3087.0,9285.0,1444.0,645.0
2023-12-21,6240.0,89.0,231.0,1513.0,6511.0,687.0,3456.0,9799.0,1526.0,552.0
2023-12-22,7464.0,110.0,258.0,2366.0,11010.0,1326.0,4224.0,13586.0,2010.0,596.0
2023-12-23,4934.0,81.0,193.0,1274.0,6918.0,1120.0,3175.0,8448.0,1347.0,524.0
2023-12-24,5105.0,69.0,282.0,2139.0,7965.0,692.0,3977.0,9647.0,1329.0,528.0
2023-12-25,5065.0,73.0,185.0,1564.0,5741.0,747.0,2845.0,7540.0,1470.0,552.0
2023-12-26,5452.0,75.0,207.0,1532.0,6087.0,712.0,3366.0,9376.0,1499.0,554.0
2023-12-27,5874.0,59.0,196.0,1469.0,6553.0,861.0,3445.0,9813.0,1496.0,592.0
2023-12-28,7090.0,77.0,346.0,1669.0,7550.0,1052.0,3774.0,11349.0,1561.0,825.0
2023-12-31,3012.0,57.0,209.0,1605.0,9625.0,1659.0,3881.0,11348.0,1573.0,411.0
2024-01-02,5339.0,126.0,292.0,2877.0,6709.0,1029.0,3079.0,8525.0,1669.0,921.0
2024-01-03,4679.0,77.0,175.0,1660.0,5566.0,655.0,2851.0,7911.0,1508.0,646.0
2024-01-04,4979.0,79.0,146.0,1399.0,5792.0,579.0,2874.0,8263.0,1438.0,589.0
2024-01-05,6725.0,83.0,198.0,2071.0,9668.0,1232.0,4056.0,12262.0,1910.0,712.0
2024-01-06,4692.0,63.0,183.0,1445.0,7450.0,1110.0,3515.0,9444.0,1442.0,587.0
2024-01-07,4731.0,57.0,211.0,1912.0,7061.0,672.0,3099.0,7826.0,1578.0,552.0
2024-01-08,5024.0,98.0,148.0,1618.0,6000.0,747.0,3026.0,8217.0,1555.0,569.0
2024-01-09,5492.0,65.0,153.0,1624.0,5952.0,771.0,3224.0,8914.0,1492.0,623.0
2024-01-10,6471.0,69.0,202.0,1766.0,6382.0,857.0,3415.0,9531.0,1503.0,763.0
2024-01-11,7041.0,81.0,178.0,1860.0,6680.0,878.0,3706.0,11296.0,1597.0,837.0
2024-01-12,9051.0,85.0,201.0,2498.0,10690.0,1742.0,4286.0,17207.0,2199.0,830.0
2024-01-13,6514.0,100.0,330.0,1573.0,7489.0,1484.0,4294.0,12923.0,1484.0,670.0
2024-01-14,5951.0,87.0,256.0,1653.0,6869.0,1291.0,3727.0,11300.0,1468.0,651.0
2024-01-15,5633.0,75.0,183.0,1734.0,6249.0,1098.0,3161.0,9677.0,1453.0,633.0
2024-01-16,5682.0,57.0,201.0,1475.0,6416.0,876.0,3172.0,10042.0,1491.0,658.0
2024-01-17,6357.0,57.0,180.0,1574.0,6913.0,937.0,3223.0,10169.0,1430.0,727.0
2024-01-18,6324.0,87.0,191.0,1673.0,6882.0,879.0,3546.0,10319.0,1419.0,648.0
2024-01-19,9315.0,71.0,355.0,2211.0,10289.0,1827.0,4485.0,16446.0,1919.0,727.0
2024-01-20,7398.0,85.0,434.0,1592.0,7402.0,1364.0,3754.0,12988.0,1403.0,634.0
2024-01-21,8177.0,85.0,405.0,2113.0,8328.0,1092.0,3795.0,11306.0,1640.0,870.0
2024-01-22,7485.0,71.0,435.0,1699.0,7062.0,1061.0,3276.0,10992.0,1420.0,821.0
2024-01-23,7180.0,61.0,432.0,1523.0,7444.0,967.0,3505.0,11201.0,1467.0,785.0
2024-01-24,7943.0,136.0,471.0,1712.0,7574.0,1030.0,3748.0,12170.0,1317.0,770.0
2024-01-25,7695.0,89.0,472.0,1842.0,8115.0,1319.0,3882.0,13972.0,1311.0,780.0
2024-01-26,9099.0,93.0,421.0,2304.0,11128.0,2425.0,4339.0,17324.0,1645.0,728.0
2024-01-27,7376.0,108.0,466.0,1488.0,8029.0,2494.0,3397.0,14029.0,1227.0,723.0
2024-01-28,7088.0,108.0,542.0,1958.0,9419.0,1576.0,3862.0,13244.0,1438.0,751.0
2024-01-29,6442.0,89.0,418.0,1687.0,7595.0,1681.0,3305.0,13133.0,1289.0,649.0
2024-01-30,6635.0,73.0,453.0,1430.0,7851.0,1572.0,3556.0,14052.0,1167.0,693.0
2024-01-31,7535.0,102.0,721.0,1436.0,8663.0,1836.0,4255.0,16276.0,1179.0,845.0
2024-02-01,7777.0,118.0,789.0,1396.0,7845.0,2048.0,3704.0,16280.0,1092.0,757.0
2024-02-02,8036.0,185.0,824.0,1375.0,8715.0,2803.0,3547.0,15821.0,1121.0,833.0
2024-02-03,8498.0,146.0,777.0,1295.0,9144.0,3662.0,3461.0,15750.0,933.0,703.0
2024-02-04,6917.0,124.0,674.0,868.0,8732.0,2444.0,3411.0,16058.0,978.0,533.0
2024-02-05,8644.0,162.0,462.0,1770.0,8372.0,3232.0,3227.0,11761.0,1259.0,487.0
2024-02-06,10792.0,213.0,458.0,1228.0,10152.0,3229.0,4429.0,14494.0,958.0,518.0
2024-02-07,10505.0,295.0,392.0,935.0,8382.0,2877.0,4046.0,13041.0,719.0,466.0
2024-02-08,9767.0,196.0,307.0,1007.0,6694.0,2061.0,3468.0,12356.0,562.0,487.0
2024-02-09,4142.0,24.0,98.0,440.0,3554.0,584.0,2150.0,7861.0,397.0,253.0
2024-02-10,5249.0,44.0,191.0,801.0,4275.0,627.0,2209.0,7209.0,781.0,489.0
2024-02-11,7464.0,89.0,221.0,1568.0,6440.0,1481.0,3472.0,10484.0,1443.0,1025.0
2024-02-12,8344.0,304.0,451.0,2642.0,8305.0,2011.0,3868.0,10837.0,1486.0,1507.0
2024-02-13,8894.0,1002.0,679.0,1266.0,9438.0,2248.0,3495.0,10029.0,1337.0,1299.0
2024-02-14,7883.0,1327.0,1050.0,475.0,9664.0,1920.0,3340.0,8296.0,1420.0,779.0
2024-02-15,5198.0,1486.0,1161.0,324.0,9372.0,1701.0,2592.0,7050.0,1475.0,613.0
2024-02-16,5088.0,1504.0,1117.0,360.0,8766.0,1486.0,2169.0,5950.0,821.0,609.0
2024-02-17,4811.0,1745.0,1076.0,756.0,8386.0,1380.0,2070.0,5550.0,744.0,324.0
2024-02-18,6531.0,1761.0,864.0,473.0,6923.0,1161.0,1996.0,5672.0,675.0,448.0
2024-02-19,9182.0,1858.0,670.0,592.0,5645.0,934.0,2287.0,5922.0,1965.0,1070.0
2024-02-20,6344.0,1165.0,605.0,1267.0,5029.0,723.0,2015.0,6208.0,2427.0,1838.0
2024-02-21,4793.0,1093.0,383.0,1184.0,5800.0,723.0,2142.0,6853.0,1771.0,1841.0
2024-02-22,6030.0,1620.0,465.0,1925.0,5667.0,768.0,2575.0,7578.0,2556.0,1021.0
2024-02-23,6087.0,1584.0,517.0,2004.0,8349.0,1472.0,3703.0,12008.0,1599.0,1818.0
2024-02-24,4276.0,1608.0,590.0,2649.0,5475.0,1145.0,2604.0,7467.0,1710.0,1843.0
2024-02-25,8310.0,1246.0,515.0,2646.0,8808.0,1515.0,3350.0,9381.0,933.0,1534.0
2024-02-26,6243.0,1016.0,345.0,2534.0,5864.0,933.0,2707.0,8299.0,1604.0,1562.0
2024-02-27,5512.0,830.0,190.0,2605.0,5840.0,788.0,3005.0,9111.0,1541.0,1216.0
2024-02-28,5670.0,563.0,185.0,2159.0,5912.0,928.0,3007.0,9185.0,1935.0,1116.0
2024-02-29,6257.0,540.0,194.0,2284.0,6196.0,881.0,3326.0,9776.0,1928.0,1146.0
2024-03-01,7646.0,430.0,249.0,2988.0,11456.0,1782.0,4302.0,14753.0,2059.0,1095.0
2024-03-02,4565.0,306.0,214.0,1699.0,7284.0,1430.0,3407.0,9909.0,1680.0,696.0
2024-03-03,5042.0,294.0,195.0,2332.0,8202.0,1025.0,3820.0,9106.0,1586.0,880.0
2024-03-04,5104.0,263.0,177.0,1789.0,5712.0,896.0,2744.0,8533.0,1594.0,754.0
2024-03-05,5678.0,187.0,177.0,1831.0,5968.0,772.0,2802.0,8538.0,1490.0,696.0
2024-03-06,5537.0,151.0,199.0,1792.0,6540.0,851.0,3206.0,9324.0,1608.0,689.0
2024-03-07,5682.0,166.0,195.0,1762.0,7060.0,934.0,3424.0,10794.0,1526.0,675.0
2024-03-08,8370.0,191.0,221.0,3118.0,12632.0,2289.0,4378.0,14965.0,2111.0,737.0
2024-03-09,4403.0,151.0,185.0,1985.0,8022.0,1540.0,3537.0,10379.0,1516.0,456.0
2024-03-10,5419.0,224.0,223.0,3473.0,10365.0,1199.0,3807.0,9867.0,1497.0,884.0
2024-03-11,5810.0,167.0,223.0,2454.0,6973.0,1070.0,3110.0,8759.0,1512.0,695.0
2024-03-12,6215.0,210.0,212.0,1741.0,6815.0,939.0,3150.0,9199.0,1365.0,716.0
2024-03-13,6242.0,232.0,253.0,1719.0,6947.0,884.0,3706.0,10400.0,1493.0,684.0
2024-03-14,6564.0,140.0,274.0,1900.0,7798.0,983.0,3796.0,11658.0,1677.0,750.0
2024-03-15,8941.0,143.0,282.0,3500.0,13961.0,2419.0,5084.0,17354.0,2169.0,864.0
2024-03-16,4214.0,116.0,221.0,2272.0,9425.0,1956.0,4295.0,13467.0,1588.0,686.0
2024-03-17,5142.0,230.0,317.0,3186.0,12265.0,1569.0,4615.0,10982.0,1937.0,976.0
2024-03-18,6070.0,189.0,284.0,2353.0,7999.0,1185.0,3190.0,9239.0,1732.0,864.0
2024-03-19,6452.0,191.0,242.0,1905.0,7173.0,912.0,3534.0,10066.0,1479.0,624.0
2024-03-20,7283.0,217.0,340.0,2510.0,7732.0,977.0,4070.0,11513.0,1511.0,798.0
2024-03-21,7547.0,202.0,290.0,2175.0,8123.0,1158.0,4172.0,13406.0,1677.0,715.0
2024-03-22,9023.0,261.0,284.0,3648.0,13829.0,2383.0,4893.0,16502.0,2223.0,932.0
2024-03-23,7218.0,249.0,236.0,1968.0,9202.0,1862.0,4114.0,12615.0,1585.0,725.0
2024-03-24,7199.0,167.0,314.0,3267.0,11183.0,1203.0,4316.0,11422.0,2008.0,1242.0
2024-03-25,6518.0,140.0,271.0,2369.0,7005.0,1161.0,3498.0,10135.0,1788.0,847.0
2024-03-26,6965.0,193.0,237.0,2096.0,7075.0,840.0,3741.0,10084.0,1591.0,745.0
2024-03-27,8164.0,181.0,281.0,2297.0,8131.0,1065.0,3952.0,11962.0,1581.0,909.0
2024-03-28,8181.0,236.0,376.0,2664.0,8946.0,1233.0,4129.0,13487.0,1784.0,1063.0
2024-03-29,9696.0,177.0,432.0,3723.0,13575.0,3001.0,4794.0,19006.0,2883.0,1049.0
2024-03-30,8589.0,213.0,300.0,3174.0,9994.0,2283.0,4340.0,16525.0,2042.0,931.0
2024-03-31,7445.0,277.0,285.0,3016.0,12260.0,1568.0,4950.0,13502.0,2323.0,1203.0
2024-04-01,6592.0,247.0,175.0,2541.0,7714.0,1309.0,3608.0,11119.0,1766.0,895.0
2024-04-02,7891.0,202.0,154.0,2108.0,8391.0,1166.0,4006.0,13410.0,1643.0,827.0
2024-04-03,11750.0,265.0,464.0,4985.0,13663.0,3886.0,6121.0,18287.0,2995.0,1438.0
2024-04-04,9430.0,134.0,260.0,5800.0,13166.0,5040.0,4121.0,19309.0,3227.0,896.0
2024-04-05,2879.0,143.0,266.0,2850.0,11254.0,2176.0,4245.0,12312.0,1673.0,448.0
2024-04-06,7658.0,261.0,309.0,4056.0,17422.0,2651.0,4268.0,14048.0,2714.0,1509.0
2024-04-07,6445.0,273.0,319.0,3384.0,9850.0,1760.0,3132.0,10629.0,2027.0,1226.0
2024-04-08,6238.0,303.0,260.0,2645.0,7145.0,1129.0,2867.0,8597.0,1769.0,1058.0
2024-04-09,6896.0,155.0,200.0,2475.0,7290.0,1004.0,3650.0,9822.0,1544.0,1006.0
2024-04-10,7807.0,234.0,248.0,2735.0,8354.0,1108.0,4040.0,11351.0,1639.0,958.0
2024-04-11,8002.0,141.0,228.0,2668.0,8819.0,1224.0,4199.0,12608.0,1778.0,1127.0
2024-04-12,8908.0,214.0,287.0,3854.0,14421.0,2694.0,5467.0,19491.0,2721.0,1213.0
2024-04-13,7767.0,236.0,232.0,2757.0,10450.0,2522.0,4518.0,15612.0,1828.0,1013.0
2024-04-14,7423.0,334.0,266.0,4556.0,12599.0,1642.0,5067.0,14307.0,2631.0,1489.0
2024-04-15,7752.0,383.0,266.0,2966.0,8374.0,1588.0,3540.0,11452.0,2035.0,1387.0
2024-04-16,7732.0,234.0,260.0,2440.0,8168.0,1264.0,3927.0,11144.0,2016.0,1075.0
2024-04-17,7564.0,255.0,290.0,2638.0,8467.0,1294.0,4071.0,11973.0,1682.0,1071.0
2024-04-18,8018.0,296.0,386.0,2860.0,9324.0,1333.0,4327.0,12614.0,1803.0,1101.0
2024-04-19,8661.0,315.0,597.0,3743.0,13901.0,2786.0,4795.0,18499.0,2426.0,1169.0
2024-04-20,8012.0,201.0,479.0,2739.0,10937.0,2604.0,4743.0,15542.0,2035.0,1063.0
2024-04-21,7655.0,332.0,455.0,3780.0,13509.0,1849.0,5146.0,15328.0,2100.0,1263.0
2024-04-22,7574.0,377.0,519.0,2787.0,9112.0,1763.0,3779.0,11637.0,2006.0,1133.0
2024-04-23,6788.0,218.0,467.0,2489.0,8257.0,1275.0,3775.0,11472.0,1860.0,889.0
2024-04-24,7699.0,252.0,435.0,2588.0,9027.0,1247.0,4141.0,12946.0,1650.0,1002.0
2024-04-25,8899.0,288.0,518.0,2656.0,9096.0,1249.0,4426.0,13687.0,1814.0,1088.0
2024-04-26,10658.0,280.0,501.0,2931.0,11873.0,2280.0,4570.0,15935.0,2031.0,1135.0
2024-04-27,9344.0,294.0,427.0,2390.0,15775.0,3549.0,4172.0,13542.0,1477.0,949.0
2024-04-28,7547.0,326.0,495.0,2281.0,12740.0,4121.0,4003.0,13565.0,1397.0,1003.0
2024-04-29,12820.0,396.0,702.0,3174.0,10311.0,3317.0,4586.0,16267.0,1958.0,1142.0
2024-04-30,4188.0,685.0,876.0,3732.0,10334.0,2819.0,4265.0,11815.0,2001.0,1501.0
2024-05-01,3101.0,886.0,842.0,3544.0,10628.0,2942.0,5488.0,14367.0,1665.0,1828.0
2024-05-02,8359.0,149.0,424.0,4559.0,10814.0,3723.0,4869.0,17506.0,2351.0,1133.0
2024-05-03,4557.0,185.0,270.0,2977.0,13113.0,3677.0,4336.0,16781.0,1849.0,919.0
2024-05-04,6256.0,611.0,847.0,2524.0,12666.0,3137.0,3682.0,12488.0,382.0,1022.0
2024-05-05,2911.0,1194.0,883.0,2723.0,10358.0,2834.0,3616.0,11173.0,223.0,437.0
2024-05-06,7797.0,626.0,440.0,2773.0,8231.0,1804.0,2967.0,9341.0,1418.0,1205.0
2024-05-07,5998.0,303.0,280.0,2674.0,6592.0,1175.0,3081.0,8891.0,1896.0,1118.0
2024-05-08,6435.0,245.0,266.0,2257.0,7277.0,1057.0,3442.0,10177.0,1873.0,970.0
2024-05-09,6868.0,151.0,202.0,2235.0,7627.0,1139.0,3824.0,10361.0,1738.0,861.0
2024-05-10,7496.0,136.0,137.0,2397.0,9068.0,1401.0,3799.0,11457.0,1974.0,961.0
2024-05-11,7118.0,173.0,212.0,2286.0,11209.0,1639.0,4836.0,14090.0,2128.0,915.0
2024-05-12,6149.0,218.0,276.0,2113.0,8818.0,1150.0,3504.0,8506.0,1709.0,923.0
2024-05-13,7024.0,171.0,280.0,2138.0,7455.0,1373.0,3654.0,10570.0,1638.0,988.0
2024-05-14,7232.0,200.0,228.0,1925.0,8176.0,1139.0,4026.0,11831.0,1792.0,927.0
2024-05-15,7969.0,163.0,226.0,2496.0,8649.0,1184.0,4077.0,13150.0,1707.0,942.0
2024-05-16,8410.0,306.0,260.0,2564.0,9308.0,1339.0,4379.0,14804.0,1934.0,1097.0
2024-05-17,9774.0,319.0,257.0,3911.0,13307.0,2484.0,5061.0,19201.0,2555.0,1240.0
2024-05-18,7309.0,218.0,253.0,2626.0,10867.0,2765.0,4686.0,15427.0,2098.0,1381.0
2024-05-19,7880.0,281.0,291.0,3287.0,13196.0,1729.0,4945.0,13687.0,1894.0,1343.0
2024-05-20,7215.0,306.0,316.0,2848.0,8288.0,1555.0,3754.0,10830.0,1668.0,1091.0
2024-05-21,6994.0,259.0,223.0,1838.0,7556.0,1148.0,3802.0,10813.0,1708.0,991.0
2024-05-22,7388.0,132.0,212.0,2154.0,7939.0,1065.0,3948.0,12031.0,1638.0,907.0
2024-05-23,8008.0,161.0,191.0,2229.0,7940.0,1039.0,4240.0,12921.0,1587.0,1269.0
2024-05-24,9286.0,234.0,337.0,3447.0,13446.0,2186.0,5516.0,18639.0,2747.0,1222.0
2024-05-25,6431.0,214.0,227.0,2298.0,9276.0,2003.0,4379.0,13673.0,1759.0,1106.0
2024-05-26,7975.0,374.0,249.0,3269.0,11462.0,1378.0,4344.0,12205.0,1832.0,1137.0
2024-05-27,7603.0,232.0,292.0,2363.0,7131.0,1232.0,3490.0,10261.0,1629.0,975.0
2024-05-28,6613.0,141.0,188.0,1706.0,7064.0,982.0,3713.0,10578.0,1590.0,733.0
2024-05-29,6914.0,158.0,183.0,1906.0,7259.0,1000.0,3951.0,11102.0,1401.0,746.0
2024-05-30,7168.0,155.0,239.0,2186.0,8327.0,1088.0,3982.0,11588.0,1655.0,928.0
2024-05-31,8935.0,226.0,300.0,3442.0,13021.0,2358.0,4881.0,17223.0,2529.0,1188.0
2024-06-01,6504.0,181.0,389.0,2100.0,10822.0,2687.0,4492.0,14946.0,1726.0,691.0
2024-06-02,7237.0,247.0,227.0,3155.0,11086.0,1312.0,4055.0,10439.0,1663.0,934.0
2024-06-03,6243.0,224.0,217.0,2168.0,7178.0,1129.0,3244.0,9569.0,1591.0,755.0
2024-06-04,6476.0,126.0,214.0,1782.0,7052.0,997.0,3478.0,10695.0,1659.0,723.0
2024-06-05,7105.0,130.0,201.0,2101.0,7729.0,1093.0,3720.0,11840.0,1673.0,717.0
2024-06-06,8177.0,142.0,262.0,2342.0,8908.0,1253.0,4312.0,13852.0,1842.0,994.0
2024-06-07,12477.0,210.0,515.0,4749.0,15429.0,3311.0,5665.0,19871.0,2345.0,1325.0
2024-06-08,10821.0,145.0,244.0,5231.0,11806.0,4897.0,4262.0,20259.0,2554.0,1223.0
2024-06-09,3066.0,220.0,177.0,1891.0,10050.0,1873.0,3766.0,10743.0,1378.0,847.0
2024-06-10,6666.0,165.0,245.0,3249.0,14290.0,1858.0,3699.0,12835.0,1860.0,1075.0
2024-06-11,7037.0,245.0,263.0,2844.0,8130.0,1552.0,3357.0,10639.0,1588.0,1138.0
2024-06-12,7428.0,138.0,178.0,2599.0,7680.0,1203.0,3593.0,10634.0,1807.0,968.0
2024-06-13,7370.0,187.0,223.0,2337.0,8023.0,1344.0,4125.0,12880.0,1770.0,944.0
2024-06-14,8087.0,192.0,362.0,3107.0,12255.0,2174.0,4904.0,16913.0,1905.0,868.0
2024-06-15,6325.0,194.0,396.0,3327.0,9759.0,2139.0,4680.0,14779.0,1712.0,983.0
2024-06-16,6557.0,283.0,343.0,4116.0,10760.0,1416.0,4071.0,10737.0,1480.0,1414.0
2024-06-17,7179.0,288.0,306.0,3222.0,8382.0,1516.0,3870.0,11269.0,1407.0,1249.0
2024-06-18,6682.0,248.0,389.0,2757.0,8183.0,1320.0,4144.0,11354.0,1403.0,952.0
2024-06-19,7452.0,263.0,346.0,2828.0,8280.0,1219.0,4434.0,13281.0,1270.0,961.0
2024-06-20,8449.0,300.0,308.0,3012.0,9219.0,1338.0,4990.0,16698.0,1333.0,1317.0
2024-06-21,9725.0,339.0,345.0,3993.0,14841.0,2587.0,6133.0,19938.0,1846.0,1366.0
2024-06-22,7591.0,300.0,223.0,3045.0,11117.0,2230.0,5136.0,17432.0,1466.0,1482.0
2024-06-23,9991.0,590.0,297.0,4370.0,11844.0,1584.0,5241.0,14840.0,1649.0,2080.0
2024-06-24,9773.0,457.0,361.0,3870.0,7950.0,1387.0,4044.0,12497.0,1249.0,2284.0
2024-06-25,11786.0,425.0,329.0,3422.0,9046.0,1183.0,4275.0,13485.0,1304.0,2426.0
2024-06-26,12188.0,439.0,420.0,3759.0,10023.0,1790.0,4542.0,15189.0,1456.0,2408.0
2024-06-27,11369.0,650.0,435.0,3693.0,9250.0,1990.0,4571.0,16099.0,1416.0,2469.0
2024-06-28,11986.0,587.0,455.0,3700.0,11653.0,3242.0,4994.0,18304.0,1910.0,1852.0
2024-06-29,10727.0,644.0,442.0,2948.0,9363.0,2741.0,4411.0,15783.0,2165.0,1983.0
2024-06-30,9195.0,848.0,418.0,3190.0,11242.0,1870.0,4364.0,15456.0,1764.0,2113.0
2024-07-01,9390.0,670.0,364.0,3216.0,8013.0,1664.0,3858.0,13723.0,1588.0,1952.0
2024-07-02,9116.0,545.0,292.0,3220.0,7656.0,1414.0,3782.0,12713.0,1534.0,1918.0
2024-07-03,9082.0,469.0,432.0,3305.0,8489.0,1523.0,4284.0,13238.0,1682.0,1859.0
2024-07-04,9414.0,526.0,325.0,3447.0,9496.0,1867.0,4521.0,15291.0,1782.0,1752.0
2024-07-05,10211.0,622.0,416.0,4156.0,12365.0,4008.0,5565.0,20484.0,1537.0,2137.0
2024-07-06,9995.0,829.0,434.0,4638.0,9376.0,3132.0,4982.0,16739.0,1938.0,1857.0
2024-07-07,8039.0,743.0,309.0,4225.0,11297.0,2175.0,5041.0,14164.0,2062.0,2197.0
2024-07-08,9174.0,691.0,438.0,3450.0,8405.0,2080.0,3941.0,12397.0,1462.0,1794.0
2024-07-09,8582.0,611.0,375.0,3230.0,7946.0,1685.0,3959.0,12115.0,1574.0,1721.0
2024-07-10,8901.0,711.0,478.0,3360.0,8397.0,1739.0,4434.0,13281.0,1620.0,1874.0
2024-07-11,8449.0,671.0,622.0,3530.0,9219.0,1958.0,4990.0,16698.0,1594.0,1749.0
2024-07-12,10434.0,804.0,624.0,4194.0,14841.0,3295.0,6133.0,19938.0,2024.0,1912.0
2024-07-13,7591.0,300.0,223.0,3045.0,11117.0,2230.0,5136.0,17432.0,1466.0,1482.0
2024-07-14,9991.0,799.0,825.0,4633.0,11844.0,2411.0,5241.0,15316.0,1774.0,2081.0
2024-07-15,9773.0,678.0,757.0,3870.0,8777.0,2026.0,4044.0,13210.0,1633.0,2284.0
2024-07-16,11786.0,587.0,475.0,3757.0,9046.0,1885.0,4275.0,13485.0,1517.0,2426.0
2024-07-17,12188.0,439.0,420.0,3759.0,10023.0,1790.0,4542.0,15189.0,1456.0,2408.0
2024-07-18,11369.0,650.0,554.0,3693.0,9449.0,1990.0,4595.0,16099.0,1905.0,2469.0
2024-07-19,11986.0,587.0,455.0,3700.0,11653.0,3242.0,4994.0,18304.0,1910.0,1852.0
2024-07-20,10727.0,644.0,442.0,2948.0,9363.0,2741.0,4411.0,15783.0,2165.0,1983.0
2024-07-21,9336.0,881.0,510.0,5085.0,13730.0,2494.0,5275.0,15456.0,1764.0,2113.0
2024-07-22,9390.0,699.0,538.0,3966.0,9295.0,1975.0,3858.0,13723.0,1799.0,1952.0
2024-07-23,8052.0,573.0,398.0,3080.0,8488.0,1660.0,3931.0,11393.0,1802.0,1710.0
2024-07-24,8890.0,486.0,440.0,2892.0,9097.0,1819.0,4364.0,12140.0,1801.0,2334.0
2024-07-25,9282.0,556.0,415.0,3301.0,10484.0,2654.0,4804.0,15415.0,1690.0,1994.0
2024-07-26,11290.0,727.0,588.0,4348.0,14595.0,3230.0,5634.0,19682.0,1863.0,1652.0
2024-07-27,9320.0,842.0,709.0,3989.0,10620.0,3323.0,4776.0,16822.0,1610.0,2115.0
2024-07-28,9110.0,806.0,663.0,4835.0,12550.0,2339.0,5274.0,16368.0,1771.0,1920.0
2024-07-29,7911.0,607.0,567.0,4024.0,9137.0,1971.0,4535.0,13535.0,1885.0,2107.0
2024-07-30,8130.0,810.0,443.0,3550.0,8125.0,1815.0,4177.0,12358.0,1585.0,2137.0
2024-07-31,9546.0,706.0,372.0,3639.0,8765.0,1727.0,4213.0,13202.0,1764.0,2097.0
2024-08-01,8841.0,919.0,454.0,3961.0,9368.0,2256.0,4409.0,14064.0,1977.0,2201.0
2024-08-02,10211.0,872.0,528.0,4631.0,13004.0,3479.0,5391.0,19747.0,1938.0,2049.0
2024-08-03,8716.0,992.0,541.0,4724.0,10485.0,3259.0,4766.0,16094.0,1655.0,1868.0
2024-08-04,8907.0,926.0,560.0,4953.0,11323.0,2123.0,4575.0,14070.0,1471.0,2146.0
2024-08-05,8223.0,741.0,443.0,4495.0,8348.0,2481.0,4031.0,13276.0,2037.0,1870.0
2024-08-06,7793.0,617.0,360.0,3278.0,8296.0,1921.0,4065.0,12291.0,1713.0,1807.0
2024-08-07,8312.0,646.0,384.0,3119.0,8611.0,1945.0,4467.0,13069.0,1703.0,1886.0
2024-08-08,8546.0,615.0,443.0,3194.0,8817.0,2168.0,4688.0,14734.0,1803.0,1775.0
2024-08-09,10156.0,915.0,561.0,4239.0,11601.0,3680.0,5456.0,19859.0,2039.0,1906.0
2024-08-10,9934.0,934.0,682.0,4129.0,10940.0,3608.0,5153.0,19155.0,1810.0,1831.0
2024-08-11,8811.0,872.0,445.0,4477.0,12199.0,3169.0,5010.0,16546.0,1653.0,2064.0
2024-08-12,7816.0,659.0,459.0,3751.0,8955.0,2566.0,3968.0,13716.0,1660.0,1810.0
2024-08-13,7350.0,659.0,346.0,3062.0,8550.0,1931.0,4291.0,12560.0,1597.0,1625.0
2024-08-14,8152.0,508.0,397.0,3054.0,9242.0,1974.0,4356.0,13974.0,1585.0,1763.0
2024-08-15,7945.0,525.0,459.0,3569.0,10066.0,2313.0,4835.0,16702.0,1665.0,1612.0
2024-08-16,10568.0,638.0,488.0,4663.0,12445.0,4132.0,5315.0,19330.0,1841.0,1744.0
2024-08-17,8425.0,654.0,446.0,3773.0,11731.0,3804.0,4770.0,16879.0,1609.0,1803.0
2024-08-18,7929.0,747.0,375.0,4247.0,12129.0,3064.0,4998.0,15721.0,1621.0,1975.0
2024-08-19,7656.0,465.0,303.0,3366.0,9391.0,2943.0,4366.0,14469.0,1533.0,1538.0
2024-08-20,7822.0,517.0,296.0,3251.0,8867.0,2591.0,4538.0,14661.0,1598.0,1445.0
2024-08-21,8455.0,404.0,371.0,3167.0,9194.0,2590.0,4787.0,15817.0,1642.0,1520.0
2024-08-22,8394.0,513.0,405.0,3025.0,9747.0,2722.0,4848.0,16658.0,1448.0,1461.0
2024-08-23,10504.0,473.0,427.0,4234.0,12384.0,3909.0,5621.0,20430.0,1751.0,1833.0
2024-08-24,8442.0,527.0,392.0,3430.0,11715.0,3986.0,5276.0,18171.0,1465.0,1462.0
2024-08-25,8479.0,630.0,408.0,4105.0,11436.0,3343.0,5020.0,17232.0,1544.0,1827.0
2024-08-26,8222.0,535.0,365.0,3367.0,9025.0,2654.0,4218.0,14394.0,1467.0,1484.0
2024-08-27,7731.0,439.0,260.0,2639.0,8654.0,2108.0,4447.0,13669.0,1514.0,1422.0
2024-08-28,8201.0,561.0,314.0,2962.0,8613.0,1755.0,4634.0,14163.0,1531.0,1449.0
2024-08-29,8431.0,502.0,349.0,3015.0,9084.0,1700.0,4945.0,13581.0,1688.0,1620.0
2024-08-30,9864.0,803.0,410.0,3480.0,11080.0,3335.0,5246.0,17756.0,1730.0,1740.0
2024-08-31,7474.0,1031.0,502.0,2906.0,9012.0,2166.0,4478.0,13229.0,1712.0,1613.0
2024-09-02,5530.0,314.0,206.0,1940.0,5877.0,1270.0,3170.0,9132.0,1177.0,1020.0
2024-09-03,5983.0,294.0,169.0,1829.0,6211.0,997.0,3407.0,9618.0,1258.0,919.0
2024-09-04,6954.0,343.0,241.0,1983.0,6553.0,1068.0,3543.0,10144.0,1378.0,1063.0
2024-09-05,6842.0,444.0,392.0,2263.0,7323.0,1173.0,3760.0,10251.0,1404.0,1107.0
2024-09-06,9040.0,414.0,406.0,2339.0,7770.0,1652.0,3808.0,10608.0,1028.0,1077.0
2024-09-07,5941.0,386.0,421.0,2957.0,8218.0,2133.0,3857.0,10966.0,1473.0,1048.0
2024-09-08,6458.0,296.0,396.0,3864.0,9415.0,1379.0,3945.0,9238.0,1660.0,1155.0
2024-09-09,6682.0,234.0,237.0,2623.0,6385.0,1280.0,3434.0,9205.0,1313.0,1012.0
2024-09-10,6302.0,214.0,177.0,1821.0,6418.0,1091.0,3419.0,9512.0,1352.0,837.0
2024-09-11,7162.0,140.0,159.0,2206.0,6936.0,1102.0,3560.0,9900.0,1356.0,862.0
2024-09-12,7539.0,146.0,153.0,2354.0,7129.0,1161.0,3793.0,10133.0,1421.0,799.0
2024-09-13,8234.0,203.0,270.0,1257.0,7118.0,1284.0,4214.0,11629.0,771.0,911.0
2024-09-14,12069.0,261.0,386.0,4139.0,14006.0,3746.0,5379.0,19352.0,1821.0,1496.0
2024-09-15,8600.0,198.0,268.0,4956.0,13323.0,4405.0,4823.0,19777.0,1778.0,880.0
2024-09-16,5011.0,202.0,150.0,1406.0,7511.0,1812.0,3192.0,9349.0,1038.0,140.0
2024-09-17,6453.0,202.0,215.0,5026.0,12086.0,2525.0,5255.0,13242.0,1956.0,1147.0
2024-09-18,6546.0,175.0,214.0,3565.0,6343.0,1567.0,3199.0,9939.0,1407.0,1028.0
2024-09-19,6243.0,112.0,190.0,2148.0,6553.0,1234.0,3380.0,8961.0,1228.0,807.0
2024-09-20,7550.0,114.0,199.0,2884.0,10012.0,2048.0,4410.0,12810.0,2006.0,931.0
2024-09-21,5913.0,100.0,151.0,2211.0,8610.0,1848.0,4009.0,10315.0,1553.0,843.0
2024-09-22,7231.0,202.0,185.0,2985.0,9443.0,1462.0,3992.0,9540.0,1589.0,1328.0
2024-09-23,7292.0,138.0,174.0,2326.0,6915.0,1393.0,3488.0,9524.0,1277.0,1272.0
2024-09-24,7225.0,245.0,214.0,2322.0,7025.0,1063.0,3740.0,9953.0,1252.0,893.0
2024-09-25,7577.0,134.0,201.0,2569.0,7703.0,1151.0,4030.0,11256.0,1451.0,871.0
2024-09-26,8694.0,412.0,234.0,2657.0,9079.0,1676.0,4766.0,14056.0,1663.0,1151.0
2024-09-27,10149.0,468.0,276.0,2991.0,12293.0,3653.0,4819.0,16317.0,2161.0,1374.0
2024-09-28,10643.0,515.0,410.0,2972.0,12333.0,4269.0,4068.0,13999.0,1410.0,1175.0
2024-09-29,10075.0,375.0,493.0,2742.0,11511.0,4074.0,5079.0,18272.0,1410.0,1014.0
2024-09-30,12563.0,589.0,868.0,5844.0,10811.0,3562.0,4742.0,11906.0,1927.0,1946.0
2024-10-01,7039.0,1271.0,1144.0,3233.0,9856.0,2885.0,4915.0,8316.0,2476.0,2293.0
2024-10-02,14683.0,272.0,519.0,6081.0,11198.0,3838.0,3468.0,15920.0,2287.0,1885.0
2024-10-03,7462.0,132.0,302.0,4766.0,12695.0,5002.0,5896.0,21792.0,1565.0,1093.0
2024-10-04,5560.0,173.0,266.0,4218.0,15676.0,4473.0,5082.0,16597.0,2087.0,1225.0
2024-10-05,7938.0,487.0,570.0,3198.0,14219.0,3832.0,4379.0,11951.0,892.0,1333.0
2024-10-06,6684.0,1165.0,1107.0,1672.0,13201.0,2791.0,3455.0,8850.0,608.0,860.0
2024-10-07,6740.0,1257.0,1017.0,1400.0,13086.0,3595.0,3925.0,11498.0,779.0,470.0
2024-10-08,5873.0,576.0,229.0,1668.0,6864.0,1432.0,2536.0,7216.0,594.0,1063.0
2024-10-09,6380.0,363.0,173.0,2137.0,86.0,250.0,3036.0,73.0,505.0,725.0
2024-10-10,6588.0,151.0,116.0,2474.0,6413.0,1055.0,3536.0,8951.0,1309.0,1013.0
2024-10-11,6078.0,100.0,114.0,2090.0,6994.0,1156.0,3794.0,10168.0,1360.0,821.0
2024-10-12,6914.0,158.0,113.0,2294.0,8577.0,1514.0,4431.0,11410.0,1332.0,901.0
2024-10-13,6150.0,130.0,129.0,2085.0,7768.0,1078.0,3775.0,8735.0,1369.0,1165.0
2024-10-14,7387.0,104.0,113.0,2022.0,7390.0,1403.0,3619.0,10188.0,1436.0,1131.0
2024-10-15,6944.0,163.0,73.0,2098.0,7159.0,1073.0,3882.0,10533.0,1375.0,1161.0
2024-10-16,7942.0,158.0,103.0,2196.0,7342.0,1171.0,4259.0,11305.0,1291.0,1121.0
2024-10-17,8311.0,151.0,162.0,2173.0,8101.0,1248.0,4292.0,12250.0,1592.0,1637.0
2024-10-18,9791.0,318.0,239.0,4306.0,12186.0,3334.0,4893.0,17815.0,2237.0,1890.0
2024-10-19,7920.0,245.0,329.0,2751.0,9809.0,2410.0,4886.0,14904.0,1704.0,1120.0
2024-10-20,7318.0,312.0,233.0,3635.0,11933.0,1640.0,4992.0,12864.0,1496.0,1506.0
2024-10-21,7350.0,265.0,159.0,2645.0,7493.0,1579.0,3858.0,10897.0,1430.0,1135.0
2024-10-22,6865.0,159.0,114.0,1789.0,6690.0,1123.0,3774.0,9900.0,1296.0,867.0
2024-10-23,7728.0,155.0,145.0,2242.0,7772.0,1312.0,4053.0,10540.0,1497.0,782.0
2024-10-24,8012.0,194.0,180.0,2463.0,8829.0,1446.0,4326.0,11257.0,1905.0,959.0
2024-10-25,9730.0,354.0,239.0,3736.0,13207.0,2805.0,5292.0,17270.0,2168.0,1399.0
2024-10-26,7150.0,193.0,182.0,2144.0,9339.0,2099.0,4415.0,11483.0,1554.0,1078.0
2024-10-27,7999.0,357.0,177.0,3716.0,11841.0,1724.0,5180.0,12264.0,1710.0,1298.0
2024-10-28,7190.0,252.0,178.0,2865.0,7155.0,1366.0,3754.0,10079.0,1369.0,988.0
2024-10-29,6736.0,146.0,113.0,1927.0,6607.0,1098.0,3802.0,9488.0,1425.0,709.0
2024-10-30,7111.0,194.0,209.0,2140.0,7482.0,1181.0,3868.0,9996.0,1446.0,801.0
2024-10-31,7814.0,155.0,137.0,2465.0,8432.0,1212.0,4151.0,11700.0,1801.0,778.0
2024-11-01,10608.0,175.0,143.0,3910.0,12744.0,3642.0,5315.0,16865.0,2292.0,1064.0
2024-11-02,6949.0,150.0,143.0,2450.0,9769.0,2686.0,4641.0,13111.0,1498.0,820.0
2024-11-03,7423.0,187.0,118.0,3331.0,11487.0,1824.0,4607.0,11810.0,1724.0,1189.0
2024-11-04,6688.0,154.0,210.0,2251.0,6979.0,1389.0,3594.0,9290.0,1486.0,771.0
2024-11-05,5038.0,124.0,103.0,1297.0,4098.0,783.0,2205.0,5736.0,1113.0,652.0
2024-11-08,10297.0,102.0,43.0,3702.0,12334.0,2701.0,5596.0,17535.0,2151.0,847.0
2024-11-09,6304.0,87.0,116.0,2131.0,8903.0,2075.0,4836.0,14204.0,1537.0,773.0
2024-11-11,6896.0,96.0,98.0,2428.0,6949.0,1302.0,3731.0,10165.0,1469.0,776.0
2024-11-13,7430.0,89.0,126.0,2130.0,7323.0,1155.0,4283.0,11266.0,1461.0,743.0
2024-11-14,7796.0,114.0,223.0,2186.0,8209.0,1228.0,4508.0,11361.0,1627.0,654.0
2024-11-15,10385.0,136.0,232.0,4162.0,12783.0,2945.0,6241.0,18459.0,2449.0,973.0
2024-11-16,6863.0,63.0,199.0,2498.0,10134.0,2498.0,5823.0,15179.0,1413.0,709.0
2024-11-17,7008.0,130.0,285.0,3641.0,11895.0,1728.0,5669.0,13406.0,1773.0,1042.0
2024-11-18,6286.0,104.0,150.0,2258.0,7298.0,1390.0,3960.0,10510.0,1488.0,696.0
2024-11-19,7610.0,87.0,134.0,1683.0,6728.0,1103.0,3913.0,10102.0,1392.0,535.0
2024-11-20,8096.0,81.0,139.0,2325.0,7217.0,1081.0,4065.0,10917.0,1592.0,710.0
2024-11-21,7290.0,103.0,111.0,2741.0,7806.0,1223.0,4364.0,11022.0,1645.0,619.0
2024-11-22,9159.0,75.0,201.0,4699.0,12533.0,2916.0,6368.0,18110.0,2317.0,738.0
2024-11-23,5703.0,61.0,110.0,1964.0,9417.0,2297.0,5280.0,14717.0,1418.0,437.0
2024-11-24,6670.0,161.0,180.0,3191.0,10706.0,1574.0,5324.0,12997.0,1759.0,712.0
2024-11-25,6006.0,75.0,135.0,1935.0,6662.0,1279.0,4074.0,10462.0,1470.0,574.0
2024-11-26,6120.0,75.0,84.0,1590.0,6423.0,1133.0,3658.0,9922.0,1324.0,608.0
2024-11-27,6832.0,71.0,124.0,1906.0,7048.0,1111.0,4248.0,11136.0,1461.0,703.0
2024-11-28,7044.0,87.0,143.0,1883.0,7466.0,1173.0,4450.0,11897.0,1695.0,658.0
2024-11-29,9240.0,138.0,167.0,3319.0,12690.0,3007.0,6024.0,17569.0,2289.0,894.0
2024-11-30,5950.0,89.0,153.0,2056.0,9221.0,2179.0,5092.0,14369.0,1526.0,472.0
2024-12-01,6468.0,73.0,131.0,3311.0,10813.0,1597.0,5262.0,11976.0,1764.0,722.0
2024-12-02,5719.0,102.0,102.0,1878.0,7061.0,1377.0,3688.0,9326.0,1293.0,587.0
2024-12-03,5571.0,61.0,100.0,1455.0,6094.0,1009.0,3771.0,9715.0,1146.0,535.0
2024-12-04,6584.0,81.0,103.0,1644.0,6372.0,1030.0,3681.0,9908.0,1330.0,602.0
2024-12-05,6960.0,75.0,131.0,1697.0,7083.0,1136.0,4063.0,10942.0,1432.0,690.0
2024-12-06,9359.0,75.0,225.0,3626.0,12114.0,2796.0,6086.0,17010.0,2446.0,837.0
2024-12-07,5959.0,71.0,214.0,3035.0,8578.0,1964.0,5508.0,14337.0,2038.0,595.0
2024-12-08,6508.0,61.0,142.0,3834.0,10193.0,1624.0,5088.0,12123.0,1565.0,648.0
2024-12-09,6104.0,130.0,103.0,2042.0,7118.0,1436.0,3628.0,9926.0,1389.0,563.0
2024-12-10,6021.0,83.0,76.0,1390.0,6087.0,1028.0,3602.0,8994.0,1372.0,472.0
2024-12-11,6292.0,73.0,78.0,1485.0,6267.0,1048.0,3634.0,9087.0,1290.0,548.0
2024-12-12,6535.0,55.0,103.0,1630.0,6934.0,1262.0,3973.0,10104.0,1435.0,561.0
2024-12-13,8318.0,99.0,119.0,3106.0,11788.0,2516.0,5929.0,16346.0,2078.0,733.0
2024-12-14,5615.0,98.0,86.0,1666.0,8384.0,1844.0,4473.0,12856.0,1190.0,422.0
2024-12-15,5814.0,112.0,105.0,2703.0,9869.0,1477.0,4667.0,11634.0,1560.0,659.0
2024-12-16,5763.0,65.0,92.0,1995.0,7051.0,1408.0,3590.0,9849.0,1337.0,500.0
2024-12-17,5908.0,65.0,59.0,1524.0,6424.0,1040.0,3779.0,9685.0,1253.0,456.0
2024-12-18,6444.0,51.0,131.0,1525.0,6694.0,1136.0,3731.0,9903.0,1262.0,560.0
2024-12-19,7009.0,77.0,147.0,1776.0,7101.0,1183.0,3961.0,10708.0,1331.0,583.0
2024-12-20,8854.0,71.0,212.0,3256.0,11478.0,2706.0,5660.0,16729.0,1962.0,772.0
2024-12-21,5297.0,108.0,116.0,1688.0,8468.0,1882.0,4426.0,11838.0,1178.0,417.0
2024-12-22,5632.0,63.0,119.0,2515.0,9261.0,1448.0,4643.0,10650.0,1482.0,649.0
2024-12-23,5569.0,61.0,91.0,1798.0,6414.0,1333.0,3649.0,8894.0,1311.0,563.0
2024-12-24,5523.0,51.0,76.0,1505.0,5770.0,1024.0,3319.0,9121.0,1281.0,480.0
2024-12-25,6318.0,73.0,68.0,1750.0,6107.0,1012.0,3570.0,9480.0,1329.0,670.0
2024-12-26,5629.0,22.0,67.0,1332.0,5883.0,1095.0,4009.0,10462.0,1073.0,504.0
2024-12-27,8995.0,81.0,153.0,2834.0,11219.0,2471.0,5395.0,15841.0,1877.0,756.0
2024-12-28,6133.0,75.0,92.0,1913.0,8443.0,1908.0,4117.0,11673.0,1350.0,585.0
2024-12-29,5569.0,71.0,103.0,2438.0,8549.0,1448.0,4013.0,9795.0,1345.0,641.0
2024-12-30,5299.0,77.0,107.0,1797.0,6768.0,1317.0,3577.0,9306.0,1379.0,528.0
2024-12-31,5986.0,57.0,103.0,2224.0,9700.0,1989.0,4527.0,13673.0,1504.0,530.0
2025-01-01,4100.0,51.0,100.0,1886.0,7398.0,1338.0,3699.0,8671.0,1195.0,467.0
2025-01-02,4975.0,83.0,75.0,1837.0,6868.0,1414.0,3599.0,10036.0,1385.0,618.0
2025-01-03,6391.0,87.0,87.0,2216.0,9087.0,1940.0,4338.0,12900.0,1543.0,641.0
2025-01-04,4912.0,85.0,78.0,1816.0,6468.0,1414.0,3075.0,8915.0,1162.0,579.0
2025-01-05,5466.0,79.0,100.0,2312.0,7158.0,1183.0,3214.0,8106.0,1312.0,644.0
2025-01-06,5635.0,89.0,95.0,1786.0,5748.0,1292.0,3385.0,8727.0,1324.0,748.0
2025-01-07,5895.0,77.0,100.0,1833.0,6079.0,1030.0,3322.0,8759.0,1221.0,705.0
2025-01-08,7089.0,91.0,124.0,2248.0,6595.0,1098.0,3666.0,9914.0,1364.0,872.0
2025-01-09,15515.0,204.0,356.0,3278.0,9663.0,1392.0,5246.0,15590.0,2234.0,962.0
2025-01-10,9893.0,132.0,239.0,3094.0,11392.0,2221.0,5664.0,18219.0,1728.0,927.0
2025-01-11,8468.0,140.0,212.0,2259.0,8418.0,1777.0,4960.0,14721.0,1473.0,765.0
2025-01-12,8892.0,98.0,237.0,2583.0,9440.0,1525.0,4697.0,12371.0,1560.0,832.0
2025-01-13,8292.0,163.0,482.0,2914.0,11897.0,2013.0,5804.0,22661.0,2680.0,1708.0
2025-01-14,8367.0,87.0,223.0,1904.0,7258.0,1292.0,3941.0,11575.0,1484.0,856.0
2025-01-15,8966.0,214.0,424.0,3700.0,12626.0,2068.0,3884.0,15229.0,2405.0,580.0
2025-01-16,8773.0,93.0,366.0,1908.0,8728.0,2081.0,4377.0,14117.0,1273.0,818.0
2025-01-17,9527.0,108.0,427.0,2696.0,11445.0,2968.0,5071.0,17748.0,1411.0,809.0
2025-01-18,8313.0,166.0,525.0,1930.0,9186.0,2795.0,4301.0,16138.0,1125.0,858.0
2025-01-19,7494.0,134.0,545.0,1881.0,9826.0,2849.0,4350.0,15884.0,1133.0,720.0
2025-01-20,7627.0,122.0,546.0,1677.0,9334.0,2955.0,4692.0,16954.0,979.0,623.0
2025-01-21,7154.0,114.0,640.0,1627.0,10884.0,2795.0,4516.0,17530.0,1050.0,599.0
2025-01-22,8229.0,114.0,664.0,1679.0,10492.0,2721.0,4267.0,17319.0,775.0,694.0
2025-01-23,10062.0,122.0,766.0,1523.0,10188.0,3137.0,4450.0,15213.0,790.0,618.0
2025-01-24,11584.0,214.0,376.0,1624.0,11553.0,3234.0,4380.0,16273.0,807.0,785.0
2025-01-25,10655.0,260.0,647.0,1505.0,9530.0,2781.0,4467.0,17019.0,774.0,757.0
2025-01-26,9276.0,243.0,437.0,1166.0,7735.0,2052.0,3558.0,15714.0,580.0,621.0
2025-01-27,9172.0,110.0,211.0,916.0,6256.0,1616.0,2960.0,13392.0,546.0,457.0
2025-01-28,2759.0,17.0,78.0,536.0,2471.0,699.0,1630.0,6719.0,265.0,174.0
2025-01-29,5014.0,24.0,98.0,1004.0,4193.0,788.0,2031.0,6265.0,590.0,565.0
2025-01-30,6914.0,87.0,253.0,1738.0,6094.0,1524.0,2920.0,9447.0,928.0,887.0
2025-01-31,6485.0,252.0,448.0,2810.0,6966.0,1730.0,3006.0,8434.0,1387.0,1175.0
2025-02-01,7799.0,523.0,695.0,2198.0,7794.0,1766.0,2927.0,7909.0,2123.0,823.0
2025-02-02,7660.0,622.0,856.0,4171.0,8026.0,1581.0,3015.0,7296.0,2267.0,1100.0
2025-02-03,4366.0,754.0,868.0,4306.0,7872.0,1499.0,2547.0,6930.0,1685.0,1099.0
2025-02-04,4009.0,809.0,951.0,4110.0,7513.0,1569.0,2533.0,6757.0,1453.0,844.0
2025-02-05,8149.0,867.0,710.0,5424.0,6274.0,1521.0,2259.0,6152.0,2138.0,1112.0
2025-02-06,6879.0,1002.0,512.0,5304.0,5678.0,1277.0,2432.0,6383.0,2377.0,1671.0
2025-02-07,6607.0,922.0,416.0,3599.0,6136.0,1294.0,2865.0,7488.0,2268.0,1387.0
2025-02-08,6058.0,1445.0,249.0,1935.0,6363.0,1413.0,2881.0,7956.0,2598.0,1140.0
2025-02-09,5906.0,981.0,266.0,2179.0,6267.0,1141.0,2644.0,7095.0,2272.0,1115.0
2025-02-10,6103.0,909.0,228.0,2914.0,6083.0,1166.0,3037.0,8448.0,1869.0,1612.0
2025-02-11,10639.0,1661.0,284.0,5918.0,10061.0,1714.0,5261.0,14291.0,3652.0,2632.0
2025-02-12,5030.0,559.0,132.0,2351.0,4814.0,806.0,2651.0,7635.0,1519.0,1116.0
2025-02-13,6095.0,857.0,190.0,3306.0,6345.0,1175.0,3479.0,9343.0,1967.0,1503.0
2025-02-14,7493.0,852.0,279.0,3831.0,10880.0,2700.0,5189.0,14081.0,2090.0,1614.0
2025-02-15,5954.0,1205.0,449.0,3521.0,7517.0,1877.0,3347.0,9240.0,1619.0,1701.0
2025-02-16,6871.0,936.0,379.0,3918.0,9322.0,1909.0,4312.0,10011.0,1809.0,1949.0
2025-02-17,6205.0,487.0,248.0,3067.0,6521.0,1382.0,3123.0,8955.0,1635.0,1370.0
2025-02-18,5964.0,359.0,159.0,2567.0,6633.0,1127.0,3377.0,9216.0,1393.0,1007.0
2025-02-19,6253.0,295.0,164.0,2332.0,6872.0,1254.0,3475.0,9515.0,1493.0,970.0
2025-02-20,7032.0,291.0,202.0,2366.0,7473.0,1163.0,3634.0,9677.0,1439.0,1062.0
2025-02-21,8685.0,405.0,290.0,3053.0,12071.0,2470.0,4764.0,14941.0,1825.0,915.0
2025-02-22,5591.0,551.0,346.0,2124.0,7669.0,1826.0,3793.0,10171.0,1457.0,922.0
2025-02-23,6417.0,404.0,253.0,3313.0,9293.0,1734.0,3987.0,9447.0,1570.0,1159.0
2025-02-24,5937.0,222.0,156.0,2132.0,6601.0,1384.0,3145.0,8612.0,1152.0,704.0
2025-02-25,5772.0,166.0,122.0,1793.0,6760.0,1098.0,3205.0,8738.0,1105.0,615.0
2025-02-26,6736.0,192.0,143.0,2071.0,7340.0,1170.0,3781.0,9554.0,1187.0,800.0
2025-02-27,6850.0,173.0,180.0,2317.0,7838.0,1335.0,3702.0,9596.0,1291.0,733.0
2025-02-28,9283.0,163.0,169.0,3561.0,13502.0,3093.0,5291.0,16274.0,1974.0,943.0
2025-03-01,4960.0,142.0,129.0,2081.0,8993.0,2258.0,4255.0,12278.0,1272.0,613.0
2025-03-02,5523.0,151.0,119.0,2615.0,10774.0,1773.0,4049.0,9659.0,1427.0,783.0
2025-03-03,5104.0,116.0,147.0,1930.0,6520.0,1275.0,3273.0,8559.0,1082.0,745.0
2025-03-04,6078.0,98.0,143.0,1667.0,6601.0,1073.0,3117.0,8808.0,1247.0,736.0
2025-03-05,6627.0,120.0,124.0,2133.0,6840.0,1121.0,3426.0,9550.0,1159.0,695.0
2025-03-06,6580.0,96.0,135.0,2247.0,7179.0,1272.0,3816.0,10168.0,1292.0,646.0
2025-03-07,9142.0,79.0,212.0,3630.0,11942.0,3110.0,5305.0,15701.0,2169.0,822.0
2025-03-08,4930.0,179.0,137.0,2105.0,8204.0,1838.0,3827.0,10988.0,1220.0,556.0
2025-03-09,5083.0,87.0,145.0,3215.0,10487.0,1906.0,4037.0,9813.0,1621.0,1012.0
2025-03-10,5559.0,91.0,131.0,2483.0,6596.0,1400.0,3306.0,8915.0,1075.0,843.0
2025-03-11,6176.0,75.0,114.0,2083.0,6709.0,1166.0,3502.0,10074.0,1193.0,702.0
2025-03-12,7374.0,69.0,156.0,1960.0,6727.0,1126.0,3738.0,11140.0,1243.0,757.0
2025-03-13,7004.0,98.0,170.0,2144.0,7398.0,1211.0,3745.0,10896.0,1484.0,830.0
2025-03-14,9346.0,100.0,206.0,3501.0,12574.0,2917.0,5206.0,16958.0,1970.0,989.0
2025-03-15,6354.0,114.0,162.0,2442.0,8549.0,1940.0,3941.0,10852.0,1507.0,695.0
2025-03-16,6391.0,107.0,177.0,3736.0,10356.0,1790.0,4203.0,10135.0,1676.0,965.0
2025-03-17,6480.0,95.0,169.0,3352.0,7289.0,1545.0,3324.0,10221.0,1325.0,925.0
2025-03-18,6319.0,114.0,121.0,2614.0,7463.0,1292.0,3660.0,11118.0,1283.0,784.0
2025-03-19,7332.0,87.0,129.0,2582.0,8054.0,1232.0,4047.0,11961.0,1369.0,879.0
2025-03-20,8273.0,151.0,206.0,3110.0,9174.0,1485.0,4444.0,12133.0,1428.0,920.0
2025-03-21,9167.0,153.0,218.0,4267.0,14882.0,3486.0,6025.0,19105.0,2352.0,1338.0
2025-03-22,7376.0,120.0,178.0,3185.0,10611.0,2549.0,4916.0,15377.0,1448.0,769.0
2025-03-23,8091.0,169.0,207.0,4186.0,13868.0,2692.0,5354.0,14203.0,2325.0,1132.0
2025-03-24,8082.0,213.0,161.0,3693.0,8615.0,1719.0,3837.0,11482.0,1314.0,1131.0
2025-03-25,7076.0,159.0,151.0,2630.0,8434.0,1411.0,3975.0,11047.0,1271.0,1020.0
2025-03-26,7948.0,191.0,157.0,2897.0,10122.0,1644.0,4425.0,12044.0,1371.0,1053.0
2025-03-27,8606.0,232.0,237.0,3110.0,8986.0,1589.0,4454.0,12888.0,1426.0,1380.0
2025-03-28,11047.0,247.0,313.0,4642.0,13754.0,3771.0,5134.0,18340.0,2040.0,1535.0
2025-03-29,7767.0,179.0,245.0,3868.0,9973.0,2450.0,4474.0,14268.0,1485.0,1118.0
2025-03-30,6899.0,130.0,143.0,4554.0,11463.0,2223.0,4675.0,12811.0,1892.0,981.0
2025-03-31,6650.0,116.0,312.0,3221.0,7861.0,1645.0,3631.0,11083.0,1141.0,825.0
2025-04-01,6720.0,141.0,142.0,2265.0,8051.0,1335.0,3862.0,11800.0,1349.0,635.0
2025-04-02,8938.0,102.0,119.0,2818.0,9224.0,1724.0,4313.0,14427.0,1414.0,769.0
2025-04-03,13161.0,189.0,250.0,7498.0,14649.0,3997.0,8088.0,20495.0,2370.0,1228.0
2025-04-04,9764.0,67.0,137.0,5722.0,12489.0,3822.0,5486.0,19130.0,2217.0,733.0
2025-04-05,2500.0,85.0,68.0,3117.0,12300.0,2206.0,3996.0,10231.0,1398.0,422.0
2025-04-06,8584.0,134.0,189.0,4448.0,16874.0,3455.0,5061.0,13995.0,1150.0,1342.0
2025-04-07,6875.0,205.0,169.0,4470.0,8809.0,2144.0,3298.0,10130.0,1803.0,1244.0
2025-04-08,6681.0,173.0,131.0,3350.0,7237.0,1369.0,3589.0,10235.0,1203.0,875.0
2025-04-09,7847.0,126.0,113.0,3081.0,7699.0,1471.0,3911.0,12028.0,1366.0,826.0
2025-04-10,8090.0,151.0,139.0,3172.0,8794.0,1531.0,4250.0,13166.0,1447.0,826.0
2025-04-11,9793.0,124.0,151.0,4009.0,13223.0,3579.0,5608.0,18512.0,2269.0,1163.0
2025-04-12,7937.0,183.0,234.0,2955.0,9978.0,2483.0,4614.0,13565.0,1298.0,973.0
2025-04-13,7477.0,198.0,135.0,4613.0,12421.0,2465.0,4876.0,14702.0,1746.0,1124.0
2025-04-14,7215.0,175.0,148.0,3235.0,8252.0,1895.0,3614.0,10994.0,1375.0,964.0
2025-04-15,7442.0,146.0,124.0,2757.0,8029.0,1370.0,4060.0,10661.0,1339.0,839.0
2025-04-16,7709.0,187.0,148.0,2932.0,8834.0,1468.0,4302.0,11495.0,1338.0,857.0
2025-04-17,8376.0,200.0,266.0,3531.0,9596.0,1700.0,4350.0,12593.0,1737.0,928.0
2025-04-18,9857.0,210.0,292.0,4841.0,13830.0,4084.0,5254.0,18684.0,2307.0,1213.0
2025-04-19,7381.0,173.0,381.0,3750.0,9900.0,2766.0,4607.0,14331.0,1393.0,804.0
2025-04-20,8301.0,210.0,314.0,4116.0,13501.0,3136.0,5061.0,14542.0,1810.0,1066.0
2025-04-21,7614.0,230.0,250.0,3532.0,8537.0,2011.0,3796.0,11064.0,1256.0,1071.0
2025-04-22,7592.0,179.0,145.0,3160.0,8111.0,1452.0,4101.0,10696.0,1298.0,868.0
2025-04-23,8088.0,140.0,190.0,3140.0,8695.0,1515.0,4255.0,11679.0,1348.0,826.0
2025-04-24,8531.0,169.0,280.0,3046.0,8919.0,1697.0,4247.0,11694.0,1687.0,864.0
2025-04-25,9761.0,171.0,341.0,3571.0,11756.0,2745.0,4688.0,15477.0,1636.0,1131.0
2025-04-26,9073.0,196.0,265.0,2727.0,16960.0,5535.0,4263.0,12707.0,1239.0,850.0
2025-04-27,8573.0,224.0,266.0,2460.0,15436.0,4228.0,4250.0,12925.0,1445.0,814.0
2025-04-28,8288.0,217.0,262.0,2157.0,13133.0,4148.0,4492.0,14894.0,1293.0,888.0
2025-04-29,13861.0,320.0,520.0,3551.0,11367.0,4560.0,5264.0,17928.0,1690.0,1315.0
2025-04-30,6331.0,629.0,797.0,4717.0,7814.0,3476.0,5665.0,12130.0,1974.0,2135.0
2025-05-01,4579.0,803.0,578.0,4635.0,10596.0,3595.0,7102.0,18631.0,2225.0,2440.0
2025-05-02,9325.0,100.0,264.0,5055.0,11004.0,3455.0,5463.0,20072.0,2123.0,1099.0
2025-05-03,4631.0,126.0,124.0,3870.0,14013.0,3770.0,5814.0,16792.0,1629.0,780.0
2025-05-04,7453.0,535.0,586.0,2661.0,12800.0,3872.0,4745.0,12510.0,876.0,1262.0
2025-05-05,4596.0,1034.0,822.0,2104.0,10218.0,3428.0,3695.0,12599.0,487.0,502.0
2025-05-06,7266.0,513.0,408.0,2667.0,8070.0,2125.0,3031.0,9553.0,1985.0,1557.0
2025-05-07,5589.0,185.0,221.0,3012.0,6530.0,1258.0,3323.0,8932.0,1510.0,1074.0
2025-05-08,6584.0,169.0,196.0,2876.0,7396.0,1419.0,3615.0,9889.0,1286.0,861.0
2025-05-09,8508.0,143.0,221.0,3718.0,12240.0,2802.0,5109.0,15700.0,2070.0,849.0
2025-05-10,5713.0,87.0,127.0,2497.0,9384.0,2357.0,4098.0,12333.0,1394.0,762.0
2025-05-11,6747.0,130.0,137.0,3504.0,11231.0,1866.0,4092.0,10306.0,1386.0,945.0
2025-05-12,7167.0,149.0,142.0,2672.0,7323.0,1873.0,3711.0,10349.0,1317.0,942.0
2025-05-13,7434.0,110.0,151.0,2323.0,7675.0,1365.0,4034.0,10483.0,1186.0,807.0
2025-05-14,7785.0,102.0,143.0,2370.0,8465.0,1317.0,4281.0,11086.0,1359.0,880.0
2025-05-15,7631.0,205.0,116.0,2903.0,8249.0,1294.0,2578.0,11311.0,1471.0,874.0
2025-05-16,10384.0,314.0,483.0,4308.0,12828.0,3570.0,5536.0,17314.0,1963.0,1206.0
2025-05-17,7187.0,193.0,164.0,2906.0,10167.0,2475.0,4056.0,12001.0,1314.0,904.0
2025-05-19,6528.0,200.0,180.0,3438.0,8488.0,1925.0,3828.0,10762.0,1413.0,928.0
2025-05-20,6461.0,132.0,113.0,2236.0,7454.0,1370.0,4002.0,11000.0,1243.0,700.0
2025-05-21,7834.0,108.0,142.0,2342.0,7792.0,1265.0,4271.0,11717.0,1216.0,776.0
2025-05-22,7784.0,116.0,166.0,2524.0,8526.0,1364.0,4313.0,11962.0,1430.0,1089.0
2025-05-23,9961.0,209.0,295.0,3615.0,12529.0,2798.0,5763.0,16886.0,1866.0,1146.0
2025-05-24,6172.0,183.0,157.0,2540.0,8986.0,2334.0,3879.0,11194.0,1303.0,801.0
2025-05-25,7065.0,158.0,151.0,3673.0,12371.0,2266.0,4243.0,10449.0,1407.0,890.0
2025-05-26,6588.0,130.0,113.0,2920.0,8452.0,1744.0,3479.0,10017.0,1426.0,796.0
