date,sample_idx,g_short,g_long,g_distribution,history_total_mean,history_volatility,daily_total_volatility,peak_to_average,trend_strength,robust_shift_z,target_cv,date_mape,date_norm_abs_error,date_total_target
2024-10-22,0,0.9240801930427551,0.06258166581392288,0.0133381811901927,85904.8333307902,0.2791304673216265,0.21737527252124944,1.2401048447388923,0.04592291081933831,0.20498514172337284,0.22039198923718106,20.381324955366914,0.0905028071880048,65445.0
2024-10-23,1,0.8533233404159546,0.004368012771010399,0.1423085778951645,84774.8333307902,0.2978851154736558,0.23616524919663986,1.25663473243666,0.11989407234031609,0.7253320399442424,0.2268844366600536,7.873227142895807,0.05194745049567005,71521.99998474121
2024-10-24,2,0.7450851798057556,0.0024724872782826424,0.25244224071502686,84093.6666615804,0.2151659000362632,0.17294207321422822,1.266813592856101,0.4163095914957082,0.37475978355157175,0.2273503698254511,11.993268857502391,0.058406385070105836,76724.0
2024-10-25,3,0.03678905591368675,0.02971920184791088,0.9334917664527893,79125.83332824707,0.19765548660976362,0.14635320219938927,1.267272593120918,0.09979041822212587,0.027805661481809824,0.19986906349397932,16.901748903081515,0.14117829525604778,107778.0
2024-10-26,4,0.309233158826828,0.5217645764350891,0.16900226473808289,82985.49999491374,0.23004051817790316,0.19030475502756095,1.298757011846718,0.09042543595831459,1.4436585646814883,0.2284394004572014,22.612292199846138,0.1372398703783967,77215.0
2024-10-27,5,0.18356868624687195,0.015147319994866848,0.8012839555740356,79142.3333307902,0.24747383138099185,0.19894321245650742,1.3618248978018082,0.013204058511040189,0.1742187938538477,0.2167616136868875,18.574707051031186,0.16016655691817142,96437.0
2024-10-28,6,0.6269997954368591,0.30599918961524963,0.06700101494789124,82520.16666412354,0.26714146398732214,0.2205707728478863,1.306080735860384,0.3755688003654273,1.0350098350872057,0.22385316386552806,13.990275059123809,0.09739124772857961,70145.99998474121
2024-10-29,7,0.9577093720436096,0.021713677793741226,0.02057694084942341,83303.6666615804,0.29599705862791026,0.25652416911508424,1.2937965916656,0.016517880366418616,0.36277845771211226,0.20572155911474038,19.86211911265641,0.08499096601783217,62849.000007629395
2024-10-30,8,0.5809872150421143,0.0016935981111600995,0.4173191785812378,81858.1666653951,0.30484025254784725,0.2627827736982462,1.3166432182699044,0.16950049772170322,0.7116828780921345,0.22745456035422293,8.067350876750616,0.0442667817660318,67647.0000076294
2024-10-31,9,0.811248242855072,0.0024156435392796993,0.18633601069450378,80345.33333333333,0.23797501466397197,0.19710121694011074,1.3414344745183293,0.4994814051723055,0.2582861539714189,0.2427580520948923,11.662314230567315,0.05228795191922255,73922.0
2024-11-01,10,0.02400723472237587,0.025368858128786087,0.9506239295005798,74702.66666666667,0.20221096528116547,0.15893867853760418,1.2909445445945704,0.04408142502721902,0.23251231626513258,0.1965137783019922,16.48264471021425,0.13219013757970716,107883.0
2024-11-02,11,0.3240275979042053,0.5162304043769836,0.15974196791648865,79814.0,0.233492887388603,0.201033761449745,1.3516801563635452,0.14340842458716516,1.5907084068361739,0.23897674343610786,15.483118406757365,0.10118753647466776,77711.0
2024-11-03,12,0.10552221536636353,0.01232682354748249,0.8821509480476379,76693.0,0.23306608328301248,0.20244371576718798,1.4066863990194671,0.09864003253567848,0.6685115413217709,0.22078382471126717,17.795490318805392,0.11571229391723385,98030.00001525879
2024-11-04,13,0.6233922243118286,0.3386986553668976,0.03790914639830589,81340.3333384196,0.2604232627271271,0.23393229316196643,1.3263161776230816,0.4325160540129272,0.9359160719586861,0.22536154563995084,17.565489841331562,0.10534680369608126,68453.0
2024-11-05,14,0.9465513825416565,0.049774330109357834,0.003674357431009412,82274.33333714803,0.2937626229700858,0.2790067038236529,1.3112594854814739,0.009796493750581205,0.3183527884287394,0.21198608516303946,39.18661754777411,0.43354539272322684,42615.0
2024-11-08,15,0.2804889976978302,6.463180761784315e-05,0.7194463610649109,78102.33333587646,0.34142275931975524,0.3359457267519498,1.3813031620457838,0.40084589874370713,1.4354301765487594,0.27179362905968507,54.92977169619977,0.5552329510661546,105528.00003051758
2024-11-09,16,0.6390374302864075,0.3067799508571625,0.054182570427656174,83370.0000076294,0.5162131176675259,0.5393246220139494,1.2940266281651356,0.028247570700094878,0.5369306090296962,0.2880973640475589,23.45099985070245,0.13614506680589156,76039.0
2024-11-11,17,0.008386543020606041,0.0014717079466208816,0.9901418089866638,78062.66667429607,0.5343089233545655,0.5392784366619019,1.351836985928449,0.02141868925610947,0.03698992288205851,0.2840876119491816,24.023417229801375,0.2628148485841931,69311.0
2024-11-13,18,0.6005969047546387,0.027542391791939735,0.37186065316200256,76662.66667429607,0.505603183843133,0.5046808637780617,1.376523992817219,0.3746151974763992,0.14096104079811558,0.29274703319597617,13.508053840446355,0.08756529388514386,69991.0
2024-11-14,19,0.9416871070861816,0.0423344187438488,0.015978479757905006,71989.50000508626,0.46829657984968565,0.44630028204446076,1.4658804412179796,0.02136422672599943,0.058025428790852464,0.26595344586538594,9.958743918385244,0.04255110859912901,73408.00001525879
2024-11-15,20,0.1477782130241394,0.007668029051274061,0.8445538282394409,72815.33334096272,0.4258392321431576,0.38057318166778586,1.44925519377046,0.4228916988001481,0.2895640026312098,0.26170950111162294,22.514461809656844,0.2443748574684636,110958.0
2024-11-16,21,0.40307584404945374,0.46047690510749817,0.13644729554653168,84205.83334096272,0.2564541260692029,0.18761587574677044,1.3176996841859343,0.06448484331834226,1.326760768461385,0.2324176153480843,22.85011584239049,0.10915961159761031,83674.0
2024-11-17,22,0.06429270654916763,0.003258880227804184,0.9324483871459961,80563.50000254314,0.24062307614342404,0.18090635975103675,1.3772738274342278,0.09476996406262125,0.8196428567305215,0.21776689630592294,15.012393767150405,0.14172856320543567,108010.0
2024-11-18,23,0.6200432777404785,0.33542248606681824,0.04453415051102638,85892.00000254314,0.29704975289632846,0.22137878426442067,1.2918316024392806,0.4505541843111603,0.9481431431348176,0.2436020463942051,20.366709612103243,0.162956157441768,70305.9999923706
2024-11-19,24,0.9826542735099792,0.014652951620519161,0.0026926856953650713,86057.8333346049,0.3338487330112536,0.2892323715719056,1.2893422446342537,0.003660329108517541,0.26698438991552975,0.2358965348832494,14.952265321368078,0.13020543176180288,65941.0
2024-11-20,25,0.8949375748634338,0.0015989369712769985,0.10346350073814392,85382.8333346049,0.3360030499744953,0.2918854068755327,1.2995352305207435,0.08745317675271477,0.4085007053721163,0.24363869294303026,11.619462947854691,0.06682691858601364,68853.0
2024-11-21,26,0.8518415689468384,0.0003518613229971379,0.14780659973621368,84623.6666653951,0.25641212478853387,0.19841261886490766,1.3111934801730085,0.49755584529898267,0.2487637476810683,0.25399175808179775,11.625931666716962,0.08682625316215778,71400.0
2024-11-22,27,0.004702043253928423,0.0009916023118421435,0.9943063855171204,78030.6666653951,0.22380615325586156,0.1566320206875261,1.3841993746274128,0.15729713104505938,0.0480277457886245,0.23206025465956465,15.85116820469834,0.11790856380065336,107721.00001525879
2024-11-23,28,0.37852203845977783,0.45665431022644043,0.16482360661029816,82038.50000127156,0.2413043401183103,0.20020290979292255,1.3165769729861698,0.003522736090210469,1.2529694643016718,0.2497526322273645,26.013494869944402,0.17355614894184365,76688.0
2024-11-24,29,0.07067400962114334,0.0012321731774136424,0.9280937910079956,76818.16666793823,0.24439429352800715,0.1880045153726614,1.4022854838609229,0.08307930642522172,0.9488190580112962,0.21485239245294668,14.442808574606314,0.11501878717478087,100875.0
2024-11-25,30,0.6484624743461609,0.3095693588256836,0.04196816310286522,81913.00000254314,0.32304167519767424,0.23866633682695176,1.3150659847876942,0.4264768717897698,1.058902460682361,0.24886738190375496,16.33042600899726,0.1431749715343076,66922.0
2024-11-26,31,0.9884997010231018,0.009178884327411652,0.0023214088287204504,82076.50000254314,0.3645099977219031,0.29715117546278913,1.3124463154730168,0.02352683167459831,0.2810742545928133,0.24274562073725153,11.435331189659788,0.07325671170428344,60820.0
2024-11-27,32,0.8224688172340393,0.0005236531724222004,0.1770075112581253,80737.6666692098,0.36573914526613166,0.30798896054575575,1.3342099723615048,0.13104168644540232,0.4936769111594352,0.25657155569232903,9.434352023066438,0.059573738757247446,67472.0
2024-11-28,33,0.8848069906234741,0.0002583133755251765,0.11493473500013351,80083.00000254314,0.28233863627750244,0.2281238481311992,1.3451169413213537,0.5025910619479869,0.1659419311276165,0.2615282751889193,6.410685769447826,0.03416253147101734,70655.0
2024-11-29,34,0.005218567326664925,0.0008561958675272763,0.9939252734184265,73905.33333333333,0.2387643818788684,0.17994150963634692,1.3649217918418157,0.0816314564578109,0.1959915027246698,0.21695245291613285,12.133252670660982,0.08915731409802886,102950.99998474121
2024-11-30,35,0.3417554795742035,0.4728519916534424,0.18539251387119293,78282.49999745686,0.22109782051578275,0.20828140658515135,1.3151215148735125,0.026519336822516566,1.2904362058887382,0.2390196467638098,17.43787373915533,0.08947089594403937,75418.0
2024-12-01,36,0.13829106092453003,0.009453297592699528,0.8522557020187378,74039.66666412354,0.21203594955876284,0.19445201157822303,1.3904843798361788,0.11474930105427932,0.8865404066827107,0.20037062990661764,22.833750038937037,0.12644474141276252,98860.0
2024-12-02,37,0.6439317464828491,0.32316353917121887,0.03290467709302902,79362.66666412354,0.2651946685897689,0.2383813868290278,1.2972220353991828,0.47931857129992655,1.0441436614877637,0.2270198014136288,17.930983201639155,0.160215101829328,65077.0
2024-12-03,38,0.9806699752807617,0.01664336584508419,0.0026865743566304445,80072.16666412354,0.29360769874221754,0.28485213793620734,1.2857276663511163,0.029910518220972328,0.32183327099780645,0.21046278013896766,13.448647889730339,0.08231904420197227,59413.0
2024-12-04,39,0.8595555424690247,0.0009910350199788809,0.13945339620113373,78728.99999745686,0.30373231059734507,0.2928241846598366,1.307662995694938,0.14279363386253024,0.5135517189384801,0.22780768585266112,8.632551229314778,0.031631296936770976,62247.0
2024-12-05,40,0.8887009024620056,0.0003952752740588039,0.1109037771821022,77327.66666412354,0.22995408917583443,0.21094531804413216,1.3313604874683969,0.5263833986035167,0.26628390747212516,0.24413867459043223,9.084528471004662,0.052368242839956475,66811.0
2024-12-06,41,0.00555878272280097,0.001166295143775642,0.9932749271392822,71304.33333333333,0.19628411323360498,0.17212189711684284,1.3864515013112808,0.12070795136340476,0.0840788420976071,0.20923685091422572,16.68038652992163,0.10457730093728371,100991.0
2024-12-07,42,0.2946265637874603,0.5441282987594604,0.16124515235424042,75566.5,0.23464972869036507,0.21227484683143602,1.3364519992324642,0.028200326864417435,1.256468858953331,0.2560327843168351,13.909229768416726,0.09428882101798189,73089.0
2024-12-08,43,0.0677608773112297,0.007517090532928705,0.9247220754623413,71271.33333333333,0.22900265771539557,0.1991861212846915,1.4169932745283285,0.11241546390788255,0.8342089900758902,0.23166582155030171,26.707257719077763,0.10931179876375001,95459.0
2024-12-09,44,0.6055078506469727,0.34613490104675293,0.048357266932725906,76335.0,0.28544619958404605,0.2429920912960167,1.3229973144691165,0.4722080303923495,0.9633853881450989,0.2491703683387466,18.896104038149726,0.11916534227221996,67395.0
2024-12-10,45,0.9696471095085144,0.02773628756403923,0.002616634126752615,77665.33333333333,0.33659862873199736,0.2922501096298987,1.300335628079452,0.06628439973218425,0.12427159038826688,0.24779939668949633,10.82097021051497,0.08081562438649056,59641.0
2024-12-11,46,0.9020492434501648,0.0021530091762542725,0.09579770267009735,77231.0,0.3518356446770947,0.30059655820373676,1.3076484831220623,0.09283836801284458,0.4627338003884851,0.25491518656065254,7.401467852063081,0.036508936934233224,61440.0
2024-12-12,47,0.911175012588501,0.0005945682642050087,0.08823034912347794,76335.83333333333,0.24992681619193458,0.2043108404107996,1.3229828717400085,0.5181184022357347,0.3267533479967703,0.2625840347598044,8.79602493756536,0.034980477288729675,65386.0
2024-12-13,48,0.00976672861725092,0.0006844608578830957,0.9895488023757935,70401.66666666667,0.22132631135996747,0.1618994835071935,1.3559196041760373,0.10941502331857673,0.10872388786665224,0.23118793332371473,16.20630835136456,0.08380619204670861,94651.0000076294
2024-12-14,49,0.2503901720046997,0.5333899259567261,0.21621990203857422,73995.3333346049,0.22673544148823993,0.19020101688182883,1.2900678420940004,0.01091960743952394,1.1121583597829863,0.234125853548715,18.616333480187613,0.14343911981378857,67391.0
2024-12-15,50,0.07986585050821304,0.0030290684662759304,0.9171050786972046,69317.3333346049,0.21378227115624215,0.18900408076523417,1.3654737632611338,5.7705624373797175e-05,0.20181177654755914,0.20168233127806473,15.029397548881082,0.09686737001773689,88146.9999923706
2024-12-16,51,0.6699088215827942,0.2788103520870209,0.05128084495663643,72776.0,0.25765675922962183,0.22759220144767706,1.3005798615976338,0.39169506420208045,1.0597618293078739,0.21219219596494412,10.98618149430742,0.09451966763562712,63747.0
2024-12-17,52,0.9714325070381165,0.02165600098669529,0.006911495700478554,73460.33333333333,0.28873389958079093,0.2769215043787064,1.288464069147922,0.03140470367227665,0.14049597770381886,0.2046364306461726,10.549735526681363,0.054566755826472836,59830.00001525879
2024-12-18,53,0.7668827176094055,0.0036579209845513105,0.22945944964885712,73192.00000254314,0.29207531723119745,0.276365658014046,1.2931877801445602,0.07590993530096406,0.34883318857720896,0.20954363135104798,11.216241673758947,0.05378742369797026,62153.0
2024-12-19,54,0.8497681021690369,0.0017652494134381413,0.14846664667129517,72653.1666692098,0.22839891690161765,0.1946164180684135,1.3027787273000204,0.44730328349751003,0.1673976429548358,0.21301449463483085,6.466868611347015,0.030076631620166813,65630.00001525879
2024-12-20,55,0.009268551133573055,0.0031375118996948004,0.987593948841095,67816.33333714803,0.19077627874872063,0.14820385489242924,1.299790119205486,0.025967195483519025,0.21401375389282193,0.17943422903456954,15.552878949141236,0.07339747047528529,95536.00001525879
2024-12-21,56,0.251255601644516,0.5392610430717468,0.20948338508605957,72507.16667302449,0.20096543737549563,0.17774027670066408,1.317607684852509,0.10190716810393835,1.5449821579203011,0.2187732915427097,29.1817241697346,0.16974070720573897,63708.00001525879
2024-12-22,57,0.048721473664045334,0.0013502378715202212,0.9499282240867615,68434.00001017253,0.22916225378905367,0.18900859123301578,1.3960312125706171,0.0005698919358128079,0.007449853797045882,0.20923710700444204,22.438359962043446,0.08042592895637576,84251.0
2024-12-23,58,0.6507174372673035,0.2899375557899475,0.059344999492168427,71851.33334350586,0.2883017096493398,0.241210501166446,1.3296343375915045,0.33988234940595513,1.14823501728282,0.22516371095688256,10.879264932397643,0.08904894252282149,61493.0
2024-12-24,59,0.9687173366546631,0.025677066296339035,0.005605569574981928,72128.5000076294,0.30461962660077957,0.2874694506814957,1.324524979795136,0.009150335857950581,0.18623196993425525,0.21613448292146487,12.022929236947988,0.06295909412217396,56672.0
2024-12-25,60,0.7274150252342224,0.0033324752002954483,0.26925256848335266,71215.0000076294,0.3106061823855006,0.29196076545380034,1.3415151303099606,0.12578810663903814,0.4556954820934976,0.22868733283869186,9.480671098405919,0.06466963932383564,59480.0
2024-12-26,61,0.8339473605155945,0.0018122097244486213,0.16424040496349335,70190.00000508626,0.24471872041980153,0.21073526942932191,1.361105570712863,0.5136914092127941,0.16310370097256968,0.24010268018755926,47.52342565334028,0.2041126138932362,55128.0
2024-12-27,62,0.003517855890095234,0.0005411917227320373,0.9959410429000854,63455.333335876465,0.20924583203992517,0.15873837951796146,1.3277213367401233,0.13521322108330674,0.927036026018064,0.21211285240500213,21.270556716771473,0.14807480740778212,91853.0
2024-12-28,63,0.2242899090051651,0.5514289736747742,0.22428108751773834,68146.16666666667,0.3357641195670397,0.2274826433463401,1.347882125920509,0.11155433051993631,1.480424778761062,0.25485019401446873,16.04283088807143,0.10674283918537093,66245.0
2024-12-29,64,0.09404215961694717,0.010649353265762329,0.8953084945678711,65145.166666666664,0.34289737035023904,0.229217016623602,1.4099741346889383,0.0729447822939026,0.7495119094103866,0.22894740837068434,17.398925651559047,0.0759480940102447,77435.0
2024-12-30,65,0.6519348621368408,0.2377261221408844,0.11033903062343597,67802.16666666667,0.36978183376972074,0.24732086493392558,1.35472071934771,0.3062291519690865,0.8441219914849248,0.24247182834183462,12.090615525253222,0.09332624170544608,59714.0
2024-12-31,66,0.9676887392997742,0.02073870226740837,0.011572586372494698,68309.16666666667,0.382383668863519,0.28318121001779895,1.3446657964402045,0.0034256017371997413,0.21627260083449235,0.23230274858027658,21.28832447287912,0.22880183857371025,75425.0
2025-01-01,67,0.7302833199501038,0.08102983236312866,0.18868687748908997,70966.66666666667,0.38754077007843407,0.32116854570594205,1.2943118835133864,0.2860075152653828,0.29449978345604155,0.22217570180918728,25.50190193219682,0.17699866810624493,63024.00003051758
2025-01-02,68,0.7643935680389404,0.006463261786848307,0.2291432023048401,72282.66667175293,0.20723197843603022,0.22081616249853261,1.2707472514416085,0.39883697291356845,0.5961116504017198,0.18856936511618216,13.635412243366142,0.1255033477128716,62603.0
2025-01-03,69,0.2285754382610321,0.11741004884243011,0.654014527797699,67407.66667175293,0.20361787874130902,0.16639350372375739,1.1487565706298066,0.05402946251996843,0.19492887631597172,0.1440401708132813,11.05209967255406,0.08448934276630023,73750.0
2025-01-04,70,0.5646626353263855,0.28400948643684387,0.15132787823677063,68658.50000508626,0.18445899108256472,0.16822153383524346,1.127828309594057,0.05367143179252406,0.43608716767509287,0.14582884634140658,24.755213744315473,0.2932066171680804,54338.0
2025-01-05,71,0.12334902584552765,0.003418475156649947,0.8732325434684753,64809.000005086265,0.19331384288832815,0.17509424505394738,1.1638044097900073,0.08295144192285156,0.7971501807403903,0.15141911751679143,14.547236244309726,0.15348984448045067,70405.0
2025-01-06,72,0.6308891773223877,0.2736574709415436,0.09545337408781052,66590.8333384196,0.2106048708804154,0.18161067113214552,1.1326634045362445,0.07538575128633673,0.36161873377101983,0.1599995638854696,12.638842402349681,0.13038788681289062,61069.0
2025-01-07,73,0.8254729509353638,0.10935687273740768,0.06517015397548676,64198.16667175293,0.21145804482188535,0.17524851854915197,1.1487866994253257,0.030452583490639996,0.24545358801028905,0.1591224111192288,11.07441634649582,0.09849075945231156,58993.0
2025-01-08,74,0.5414518117904663,0.025244755670428276,0.4333033859729767,63526.333333333336,0.18265879609337066,0.18071138632396483,1.1609358848561488,0.05682682771973827,0.31792004473022084,0.1454306765130814,7.061201628793013,0.0554984946428624,66121.0
2025-01-09,75,0.6818351149559021,0.06655178219079971,0.251613050699234,64112.666666666664,0.17975447936103744,0.16926525339217013,1.15031870977134,0.11899364660129565,0.25717776420281,0.15650067183237423,37.075218438113474,0.38070909093537286,112649.0
2025-01-10,76,0.3797730505466461,0.4777063727378845,0.14252057671546936,70595.83333333333,0.2927492618507876,0.25735846506189014,1.5956890751342738,0.825983592043912,4.994298513541031,0.32669542417652486,28.909494743275435,0.29451367067289824,103167.0
2025-01-11,77,0.15498732030391693,0.08903388679027557,0.7559788227081299,78734.0,0.2792064144583222,0.21505580545322744,1.4307541849772651,0.41610993979729216,1.069215334895618,0.32294630307944344,24.036701417130146,0.2737792655991463,81417.00001525879
2025-01-12,78,0.11024066060781479,0.0011802734807133675,0.8885791301727295,80569.33333587646,0.28407844956770534,0.2306996074051489,1.3981622453097657,0.25255266703563617,0.21606045643916066,0.29498462821416355,15.484547014109234,0.12798837941011126,93345.0
2025-01-13,79,0.7347935438156128,0.17191503942012787,0.09329143911600113,85948.6666692098,0.30523599285870523,0.2532017464390723,1.3106544215927356,0.3996804293917714,0.19384720371540715,0.26186947505171465,32.74001881889994,0.3163117174029719,120883.00006103516
2025-01-14,80,0.6720407605171204,0.3003509044647217,0.027608288452029228,96263.66667938232,0.37613975020587437,0.2880387922747655,1.2557489677143763,0.5688750693802944,0.8743213768056172,0.25527636834966927,49.24321747795477,0.3905732343054351,73085.00001525879
2025-01-15,81,0.1278049647808075,2.3667375899094623e-06,0.8721926212310791,97424.33334859212,0.3009248798342652,0.2263842946179624,1.2407885782344132,0.4060997763585205,0.9726231185251647,0.2316786388974743,31.661315859629337,0.25467293078164677,93586.0
2025-01-16,82,0.6980549693107605,0.044320717453956604,0.2576242983341217,94247.16668192546,0.353537956499645,0.2656515014328085,1.2826168076649234,0.1016582284360324,0.007359789899938991,0.2388555310990163,28.60408778618595,0.14569562515476625,81262.0
2025-01-17,83,0.08421553671360016,0.00020085358119104058,0.915583610534668,90596.33334859212,0.3610717236456442,0.24982412845979715,1.3343034490800803,0.0017108861863359042,0.5005316981217809,0.246062376904648,11.736239693454891,0.06225107790304414,97913.0
2025-01-18,84,0.14426524937152863,0.02478509210050106,0.830949604511261,93345.66667938232,0.36666069930470735,0.26150414691137014,1.2950038749654689,0.04893639054172565,0.3544248316531856,0.2421260781733669,20.225027834723296,0.20567477227598668,85388.0
2025-01-19,85,0.36836856603622437,0.0013447607634589076,0.6302866339683533,92019.50001271565,0.3019054421441511,0.2280854588688659,1.3136672123227253,0.38573345927906916,0.2819555983560042,0.23260118838947447,13.440076562882513,0.10187116030585494,93229.0
2025-01-20,86,0.679720938205719,0.04133724421262741,0.2789418399333954,87410.50000254314,0.24759277236809993,0.16736961129294278,1.120151469184495,0.230452863033104,0.34994309686921204,0.1865738961900568,10.789280023291004,0.08889768772605097,85228.0
2025-01-21,87,0.6811249852180481,0.003052711021155119,0.3158222734928131,89434.33333333333,0.1741313196536912,0.1284319991807564,1.0948032634745046,0.0934540426309061,0.4958833358651071,0.16432529168022753,14.873438230460945,0.12301901011905406,85835.0
2025-01-22,88,0.6172670125961304,0.01621074043214321,0.3665222227573395,88142.5,0.1620400559139076,0.1035191410234303,1.110848909436424,0.05188189579374309,0.03656441717791411,0.1511141161548217,14.246823752317956,0.1000027232238326,82892.0
2025-01-23,89,0.2653479278087616,0.00032464248943142593,0.7343273758888245,88414.16666666667,0.13679638544757833,0.0693954592582822,1.1074356485103254,0.16989358794310866,0.4449079754601227,0.14448275039557262,16.468833960002883,0.13435747045267368,77543.0
2025-01-24,90,0.07010901719331741,0.0002567286719568074,0.9296342134475708,85019.16666666667,0.13009516085857567,0.05671747240882433,1.0965645001617281,0.09227331092008664,3.4553342974746912,0.1480533356589087,18.34067747783512,0.11329274321334044,85080.0
2025-01-25,91,0.22025586664676666,0.006364224944263697,0.7733798623085022,84967.83333333333,0.1468483967710973,0.057791430880568886,1.0972269898216385,0.09590688240844085,0.03297315361479336,0.16823751189027078,12.435824893878603,0.09825736132126033,79384.0
2025-01-26,92,0.040381137281656265,2.6060602976940572e-05,0.9595928192138672,82660.33333333333,0.15260990128240218,0.05401699459416263,1.0384061682145003,0.07069896484004823,0.9334685598377281,0.15083461458758896,12.00857870662059,0.08931725692422447,71040.99993896484
2025-01-27,93,0.15021321177482605,0.00010137166827917099,0.8496853709220886,80295.83332316081,0.1545696882218303,0.07361192922347318,1.0689844845939402,0.18424368300027247,1.5463072952310817,0.163137016287737,22.625404076331286,0.11427245835041322,60904.99998474121
2025-01-28,94,0.26310890913009644,0.00011277357407379895,0.7367783188819885,76140.83332061768,0.17580331676769614,0.0952902208952382,1.1174030581165408,0.2887675253391937,1.878215748973728,0.18810265791916875,125.74444928934795,0.9415419998334911,27610.0
2025-01-29,95,0.1087983027100563,2.626842388053774e-07,0.8912014961242676,66927.166653951,0.2545719321709743,0.19171847997583435,1.2712326586288762,0.7460796937390183,3.014708012010593,0.3326340307454024,23.138901267873194,0.21204706546207186,39554.999938964844
2025-01-30,96,0.29062604904174805,0.0007014558650553226,0.7086724638938904,60595.83331044515,0.32797683263512406,0.2588055635501346,1.4040569351380536,0.7512892813570372,0.8152256928137639,0.38405982353986373,14.617793869604231,0.08774081340798885,57981.0
2025-01-31,97,0.05160992965102196,0.0034063737839460373,0.944983720779419,56079.33331044515,0.42907139825231005,0.33858229023701075,1.415566043921107,0.38165574974860744,0.06005216539400243,0.39274239111747994,11.982495452574943,0.08720672309655106,66001.0
2025-02-01,98,0.05996030196547508,0.018849428743124008,0.9211902618408203,53848.83331044515,0.4655033387822856,0.3452271759315869,1.3192672073209968,0.09359534142380808,0.3188835668594738,0.42450962289542626,12.280980443206039,0.07245441875124622,72004.0
2025-02-02,99,0.3422982692718506,0.18787693977355957,0.46982479095458984,54009.333320617676,0.4707435152919187,0.3348821751592,1.3331769820701154,0.20550151858700735,0.6107801892489868,0.43766033019720735,12.518903758552147,0.11140864861170025,78511.0
2025-02-03,100,0.6380355358123779,0.22533680498600006,0.1366276890039444,56943.66665649414,0.3979106133931147,0.24362196205699385,1.3787485880318915,0.8938834288113935,0.6271413239929674,0.3810016352411047,17.650619620345147,0.13090139134120116,74744.0
2025-02-04,101,0.7414951324462891,0.16247603297233582,0.09602884948253632,64799.333323160805,0.3096371929295255,0.16669144926135643,1.211601971403899,0.5430457113739746,0.40797981951254175,0.2755749315569124,9.733547325489617,0.08620450797118236,77163.0
2025-02-05,102,0.8153525590896606,0.10095729678869247,0.08369013667106628,71067.33333333333,0.19632208900427767,0.07999773210707152,1.104741043705031,0.2699130402153826,0.41837354386352343,0.1922539588265802,21.04116840810804,0.20895926773919446,82951.0
2025-02-06,103,0.8499656915664673,0.11582031846046448,0.03421396762132645,75229.0,0.1750684408619116,0.06733550600627822,1.1026465857581518,0.2253120472158343,1.2757520510483136,0.16288751150948663,13.821108129593677,0.14145665705798285,72877.0
2025-02-07,104,0.5900264382362366,0.07110265642404556,0.33887091279029846,76375.0,0.16130626489871924,0.073433910637862,1.08610147299509,0.011430441898527004,0.6369235546814347,0.1611132724487125,22.703024576213455,0.22568672673077877,68565.0
2025-02-08,105,0.2853844463825226,0.044532593339681625,0.6700829267501831,75801.83333333333,0.15334818912161766,0.06719355224754407,1.0943139018185577,0.13121054679856028,1.5296309714818073,0.16630883910380392,30.945849721671948,0.20485250948777806,65065.0
2025-02-09,106,0.2707454264163971,0.05005418509244919,0.6792003512382507,73560.83333333333,0.1571347338785891,0.06780673515004947,1.1276517168330067,0.13157817226105378,1.2646686670763891,0.20770841161145542,14.539986409333121,0.1280721810401117,66166.0
2025-02-10,107,0.6083492636680603,0.1872868537902832,0.2043638378381729,72131.16666666667,0.16080066176185004,0.06471828279439583,1.1500021950751755,0.15245836866634163,0.4884325657453824,0.21084602462251983,14.478282988365857,0.11288813256131737,66400.0
2025-02-11,108,0.7301837801933289,0.17498236894607544,0.09483388811349869,70337.33333333333,0.14081434315342212,0.050423585972102135,1.1793310333061628,0.2353088923852672,0.19418781953538433,0.18300845387955206,41.534476739152446,0.4096572574018573,107364.0
2025-02-12,109,0.7278786301612854,0.2453492134809494,0.026772145181894302,74406.16666666667,0.23221528035471015,0.14952009003394268,1.442944917199963,0.46349652918552897,7.154273925912638,0.2543645020216881,73.21052840915313,0.6409540786399472,53045.0
2025-02-13,110,0.02041248045861721,3.624650707934052e-05,0.9795513153076172,71100.83333333333,0.31252317880751884,0.23887307002331443,1.5100244957278983,0.21828154850505738,4.933109744736352,0.2857183770270123,20.027340460612447,0.1455636535029433,71346.00001525879
2025-02-14,111,0.7529069185256958,0.05657742917537689,0.19051557779312134,71564.33333587646,0.37074275138012636,0.2976655705587598,1.5002445351667453,0.0877671840493484,1.061592494230713,0.2798343366891228,18.8555719373303,0.17577799637451869,91671.0
2025-02-15,112,0.6166419386863708,0.3362904191017151,0.04706764221191406,75998.6666692098,0.41157591884991596,0.3512571266030061,1.412708994847374,0.33559799293601467,1.1194559353850417,0.2896455780350311,22.057970465580393,0.21311335497562664,69895.0
2025-02-16,113,0.05870075523853302,0.008656837977468967,0.93264240026474,76620.1666692098,0.4336694426494394,0.3980588415365471,1.4012498884728317,0.04561462278056468,0.03755953652340631,0.288488639509035,10.935807295325016,0.1056038799979647,89418.0
2025-02-17,114,0.8646947741508484,0.10229797661304474,0.03300721198320389,80456.50000254314,0.36252734749990145,0.3305370950614127,1.3344353780814024,0.22305220832913125,0.4333812946774016,0.27897052563526864,18.619096632761064,0.11744227713614477,67520.0
2025-02-18,115,0.8984900712966919,0.0826987773180008,0.01881110668182373,73815.83333587646,0.30694426180780054,0.27832943035679747,1.2418880321093042,0.19609614016190702,0.1847047438781623,0.22450536549314687,6.742321021252488,0.03180264214481052,63663.0
2025-02-19,116,0.8602597713470459,0.021046558395028114,0.11869369447231293,75585.50000254314,0.24136958266402803,0.22075240240021402,1.2128119810931417,0.10164648001270467,0.4144761341007249,0.19499105750998358,6.549690843651637,0.045089222410488884,66572.0
2025-02-20,117,0.8568997383117676,0.017914114519953728,0.12518616020679474,74789.83333333333,0.1956690748092887,0.17291528456678995,1.225714725040614,0.3355937415736096,0.12045746196043039,0.20905667730946162,10.1973712277961,0.07409967172151356,67898.0
2025-02-21,118,0.060267068445682526,0.03011598251760006,0.9096168875694275,70827.66666666667,0.16052317724972628,0.12938991451343185,1.2624727625268843,0.028195196792213963,0.07306465642215135,0.19380033832490046,10.872633186630432,0.08219046650439937,92922.0
2025-02-22,119,0.27093061804771423,0.5615644454956055,0.1675049066543579,74665.5,0.18178024375662674,0.1472366846686647,1.244510516905398,0.04692930469895735,1.4634047245922572,0.20684353084157045,15.305916049700574,0.09837279377722287,66709.0
2025-02-23,120,0.13708996772766113,0.029065638780593872,0.8338443636894226,70880.66666666667,0.1825615564230741,0.154677094361164,1.310963967607528,0.011441765972855785,0.3386928377531844,0.1675430922187067,15.410678892712411,0.08812488180183889,82888.0
2025-02-24,121,0.6582080721855164,0.29009100794792175,0.05170087516307831,73442.0,0.20982870591539482,0.19175852989190056,1.2652433212603142,0.26177119359494566,1.243353212198576,0.17274747408475,14.943547419152514,0.07984754205972498,62795.99998474121
2025-02-25,122,0.9435708522796631,0.03962944820523262,0.01679966226220131,73297.49999745686,0.24245339481933903,0.23109966017800482,1.2677376445748358,0.051516081931713927,0.3596146570603577,0.1804786900572039,7.016528607684835,0.041046991339871684,59469.0
2025-02-26,123,0.6994388103485107,0.010868821293115616,0.2896924614906311,72113.66666412354,0.2518815267290544,0.2377122196588469,1.288549096148353,0.11688491779594141,0.5098511344124439,0.20853669807699374,5.994372387246406,0.028595407220184426,64564.0
2025-02-27,124,0.7440252304077148,0.011061315424740314,0.2449134737253189,71557.99999745686,0.197009684568071,0.18113663169771269,1.298555018352978,0.39629391543933357,0.06872687071424574,0.22231902826543054,6.71139953525068,0.04733709508513912,66584.0
2025-02-28,125,0.02650304138660431,0.024069450795650482,0.9494275450706482,67168.3333307902,0.16041468570387085,0.130974626262733,1.234033894987295,0.0018609960051323702,0.2936259892840227,0.1908372243928107,16.603393284723925,0.13271546398047235,100546.0
2025-03-01,126,0.2374243289232254,0.587458610534668,0.1751171201467514,72807.8333307902,0.19380608060225335,0.18448092319323414,1.380977779453841,0.24252884878161163,2.245537432535114,0.22502215250381505,12.697016694435073,0.11460004819838515,69679.0
2025-03-02,127,0.06719791144132614,0.00476296991109848,0.9280391335487366,70606.3333307902,0.19807341408764073,0.19739980945197091,1.4240365595667268,0.09748417302753819,0.7243371991196116,0.19663836997342748,10.312967179006069,0.0772632729911604,86542.0
2025-03-03,128,0.64608234167099,0.29529818892478943,0.058619484305381775,74564.0,0.23135201437613376,0.23520555072666854,1.3484523362480554,0.36308406201384047,1.0668269857596082,0.19554733401413554,15.400082629975918,0.13891046858621503,60584.0
2025-03-04,129,0.9705696105957031,0.024425797164440155,0.005004500038921833,74749.83333333333,0.26017803865469147,0.27805994216259505,1.345099989074669,0.053244265873502505,0.4373524171000594,0.1962304933639111,10.705701176829933,0.0585554280529164,57239.0
2025-03-05,130,0.7205170392990112,0.004422503057867289,0.2750604450702667,73529.0,0.2690678188104527,0.2828451045986092,1.3674332576262427,0.12709271171918562,0.5381071768207586,0.2139904005263052,9.495985473726872,0.03804869859850668,61906.0
2025-03-06,131,0.7709338665008545,0.005060803610831499,0.22400535643100739,72749.33333333333,0.20793867431068108,0.19713967247008302,1.3820882665591439,0.5311388878706793,0.1815124873025325,0.21716050638053025,10.617353593879077,0.054424186168870896,64468.0
2025-03-07,132,0.006919970270246267,0.005388057790696621,0.9876919388771057,66736.33333333333,0.16963679984113691,0.14401797494265345,1.2967748702605777,0.078083402844028,0.17167554528093276,0.16646321370548858,13.457716313556048,0.06292624722655724,95550.00001525879
2025-03-08,133,0.2086566835641861,0.5868189334869385,0.20452436804771423,71048.1666692098,0.2067701775921516,0.19204215133769212,1.3448622884264707,0.12678722671619047,1.6093788858351379,0.218959249533276,24.058921700027206,0.14127600279838864,63439.99996948242
2025-03-09,134,0.07268548756837845,0.0043191611766815186,0.9229953289031982,67197.8333307902,0.23246072032093346,0.19926366645295154,1.4219208459430723,0.04250136987934395,0.23267101062228118,0.2134684893250581,21.359708612892497,0.08095424277765648,86429.99998474121
2025-03-10,135,0.6455520987510681,0.306399941444397,0.04804794117808342,71505.49999491374,0.2977018697052362,0.26069907896299316,1.3362608473761508,0.40823433144048493,1.2051474533296125,0.2344640080364809,12.044317936392883,0.07185916455115073,64804.0
2025-03-11,136,0.9507701396942139,0.044783126562833786,0.004446669016033411,72766.33332824707,0.314795086787456,0.2944348247803972,1.3131072522815623,0.03982611006283903,0.009696130198772782,0.22345850458859587,9.115002196784669,0.05564703846580803,62695.0
2025-03-12,137,0.7815680503845215,0.00890378002077341,0.2095281332731247,72897.83332824707,0.3270698417907898,0.2926666170304044,1.3107385453421188,0.024321710523500333,0.11202493283224982,0.22562959600662563,7.492462166766091,0.04519563520290711,66694.99998474121
2025-03-13,138,0.7692449688911438,0.004041765816509724,0.22671331465244293,73268.9999923706,0.24975075583986237,0.2090006712512804,1.3040985959301787,0.3938227631538878,0.0533720942105479,0.22686893417319842,10.050617442669353,0.08129557586645551,67322.0
2025-03-14,139,0.012842684984207153,0.01417841762304306,0.972978949546814,68564.33332316081,0.19560263415125573,0.1436699877732539,1.2605679337298454,0.05661835888085928,0.46465243370520876,0.1824565094120772,12.208558164677378,0.08834440140714173,100010.9999923706
2025-03-15,140,0.23173171281814575,0.586025595664978,0.18224270641803741,74659.49999364217,0.19542227830450734,0.16830444101642064,1.3395616097199594,0.18190585268835074,2.0152660111671024,0.2055767208024572,13.68288767216317,0.12250302754036305,66830.0
2025-03-16,141,0.07563329488039017,0.00799231231212616,0.9163743257522583,71392.83332951863,0.21318865879325838,0.1846163328058264,1.400854894366817,0.02837819856019518,0.03511510339208794,0.19429425638148812,14.998614384914887,0.10045329696848657,91658.0
2025-03-17,142,0.5753442645072937,0.376070499420166,0.04858524724841118,75868.4999961853,0.25088897631681906,0.252409435525409,1.3182150694609647,0.38175263780694585,1.3044135782264588,0.2096695374061456,14.847673743333743,0.09288833294221571,72245.0
2025-03-18,143,0.9335830807685852,0.062058206647634506,0.0043587107211351395,77460.16666285197,0.2696187149090258,0.2820088886364842,1.2911281281858313,0.07164972984650748,0.12399410631304544,0.19265398640826661,6.752172157014232,0.045866170826174155,68567.0
2025-03-19,144,0.6592743992805481,0.007224774453788996,0.33350083231925964,77772.1666653951,0.27669797593067785,0.29031070719260743,1.2859484862065793,0.016008297741741655,0.0959236366481496,0.18733813239659514,8.302448200719097,0.03495846981142627,73304.0
2025-03-20,145,0.7042821049690247,0.011714433319866657,0.28400343656539917,78769.1666653951,0.2218194300186524,0.20701546431942003,1.2696719316228018,0.3390539867689566,0.03011431496331684,0.2038619995995174,12.850007351518977,0.06431473413153652,79948.0
2025-03-21,146,0.023324821144342422,0.031277649104595184,0.9453974366188049,75425.33333333333,0.19634569051963943,0.1587880142470835,1.2152150471106085,0.17392034506531848,0.8151241406738253,0.1704231387592032,17.432087014896425,0.14556586064184648,115072.0
2025-03-22,147,0.2986396551132202,0.5418522953987122,0.15950803458690643,83465.66666666667,0.2168108124357984,0.1723531676734229,1.3786746646325634,0.28052253022200746,2.370174005517624,0.23169926758798032,15.460257594357234,0.10378183510842014,87005.99998474121
2025-03-23,148,0.09751266986131668,0.005605710204690695,0.8968815803527832,82690.3333307902,0.23166211936940118,0.17877342075179828,1.3916015979724234,0.17850937818441312,0.8152846226222948,0.22348328436749484,18.69040676873582,0.1701880703216066,111260.9999923706
2025-03-24,149,0.5394395589828491,0.38375982642173767,0.076800636947155,89192.9999961853,0.27339744748258504,0.22434617679491425,1.2901460877526434,0.4786698507079769,0.9190185979794572,0.23381417023800788,19.157123049627423,0.10981927431608321,83002.0
2025-03-25,150,0.9135221242904663,0.07743138819932938,0.009046495892107487,91598.83332951863,0.29938673362702034,0.26132670836543037,1.256260541944227,0.10587471092685548,0.08176184079108653,0.2323412167659141,15.1952189962926,0.07946572367745887,75730.0
2025-03-26,151,0.7784190773963928,0.004112787079066038,0.21746821701526642,92003.16666285197,0.29571619601924326,0.26072192680315853,1.2507395579293958,0.045846248047710925,0.37875090597521643,0.2191174793480582,6.922102399848318,0.07248655691225744,79698.00001525879
2025-03-27,152,0.7642314434051514,0.0011351044522598386,0.2346334159374237,91961.49999872844,0.22785038521452475,0.18333414769735074,1.2513062531775918,0.38466097209408645,0.21505071207172788,0.2121520614201507,12.107801674078228,0.07750244755838323,82025.0
2025-03-28,153,0.021670252084732056,0.010373340919613838,0.9679563641548157,86453.6666653951,0.21165126043897,0.14039379758404644,1.286943680746223,0.05761467589361321,0.08532378532865927,0.20335470749787707,15.983475658101417,0.1476324439153651,111265.0
2025-03-29,154,0.32980871200561523,0.4442968964576721,0.22589434683322906,90496.8333346049,0.22077868449828256,0.15593435881157364,1.2294905346423166,4.420052594111021e-05,1.2021616884007473,0.22393316776139444,20.888893192977665,0.10148235862728608,82786.0
2025-03-30,155,0.09427535533905029,0.009480694308876991,0.8962438702583313,85751.00000254314,0.21592059234173797,0.15632798493337846,1.2975358887558184,0.0025189210620703436,0.14260283018156464,0.19842033237340098,22.91728933363358,0.14752051039908873,103426.0
2025-03-31,156,0.5463840961456299,0.38316810131073,0.07044780254364014,89155.00000254314,0.2546145704194449,0.18866901908621864,1.2479950647392315,0.3106499915788231,1.1686983119535586,0.21486543384928072,18.083399235507745,0.09528396391072184,76097.0
2025-04-01,157,0.9071985483169556,0.08533848822116852,0.007462977431714535,89216.1666692098,0.29378054662955727,0.23103713105164697,1.2471394384443966,0.04036263997544699,0.3507401489478853,0.21489841872662993,13.047666711113745,0.05153284280148389,69201.0
2025-04-02,158,0.8122208714485168,0.005100554320961237,0.18267865478992462,87466.66666666667,0.2920471012047936,0.24332182298365462,1.2720846036585365,0.14661585365853658,0.6382994150916034,0.23686405274495104,17.076689978025854,0.14003741378702056,77976.0
2025-04-03,159,0.7214252948760986,0.00545512093231082,0.27311959862709045,86791.83333333333,0.24592952973390703,0.19738739138532127,1.2819754546798758,0.383549911570021,0.11083332373238707,0.24303276621775102,43.43110250716307,0.4256382076691456,124721.0
2025-04-04,160,0.0929199829697609,0.4510394334793091,0.45604050159454346,89034.5,0.3408297799563412,0.26609195673037006,1.4008165374096557,0.4709971977154923,2.0433885963800593,0.25784996563822504,44.01897314736813,0.1953802817971515,105662.0
2025-04-05,161,0.10571332275867462,0.024899758398532867,0.8693869113922119,92847.16666666667,0.3262830024697876,0.2467910689978144,1.343293548717157,0.024082587334382847,0.5242805203907311,0.27652773385502877,46.49319593139243,0.28247454226630214,81003.0
2025-04-06,162,0.12163330614566803,0.0008976375102065504,0.8774690628051758,89110.0,0.3332567980410034,0.24061887000160898,1.3996296711929077,0.05505554932106385,0.0660037940733957,0.3027513919227273,35.23309858303248,0.3198285713473108,124055.99998474121
2025-04-07,163,0.7536097764968872,0.24600718915462494,0.00038308193325065076,97103.16666412354,0.5227793930703405,0.3287944004669888,1.2844174323521866,0.5649146353226846,0.7544183817795037,0.33803887096055024,19.040184343059085,0.1546304250562581,91522.0
2025-04-08,164,0.9855415225028992,0.0064317090436816216,0.00802675075829029,100823.3333307902,0.5502789380345492,0.3558840014826051,1.2370251595511546,0.1343538202169638,0.19734959775737407,0.32165221639935637,17.30204500804311,0.13838326261185738,71777.0000076294
2025-04-09,165,0.7212969660758972,0.00012665530084632337,0.27857640385627747,99790.1666653951,0.4509358441154071,0.27913623161132267,1.2498325653488496,0.5305532775578613,0.7485048744495514,0.319652944467868,10.523451503992828,0.08500857509294338,76882.0
2025-04-10,166,0.8162661194801331,0.0009676400222815573,0.18276619911193848,91816.99999872844,0.41704201785593975,0.26279822817118,1.3511223410311735,0.31344957905832876,0.3873878524453071,0.316572064213362,9.38158821459639,0.04760292439760583,80334.0
2025-04-11,167,0.007796197663992643,0.0001693690282991156,0.9920344948768616,87595.6666653951,0.3737253686956209,0.22510297600140877,1.4162344406672558,0.0076373641010747655,0.03000740092848012,0.28946415005196113,15.398101862794453,0.11038463630862559,108094.0
2025-04-12,168,0.24304543435573578,0.37077781558036804,0.386176735162735,92110.83333206177,0.22697736426886553,0.1879146690197116,1.3468122640636238,0.1732912341287568,0.8458368312600167,0.25490426896342944,21.281840172407517,0.12646074486787712,81704.0
2025-04-13,169,0.0825868546962738,0.005248110741376877,0.9121650457382202,85052.16666793823,0.22661383022332032,0.18429203485216483,1.2709141252335403,0.11543503692659074,0.06049900640317951,0.19799287506342905,24.329071681273376,0.21911342591172353,105909.0
2025-04-14,170,0.5232944488525391,0.39916667342185974,0.07753883302211761,87450.00000127156,0.23871816799305898,0.20039440442247516,1.2360663235955205,0.3903030302101122,1.1255949621824513,0.20068371048486577,12.326223908708037,0.10417577388625444,80662.0
2025-04-15,171,0.9289636015892029,0.054716795682907104,0.016319576650857925,88930.83333333333,0.25808043557227445,0.23384657122594396,1.2154839435141542,0.0425049429800313,0.026797999151310967,0.19318412988990424,9.036761514774165,0.07136148231923005,73591.0
2025-04-16,172,0.8209362030029297,0.007732691243290901,0.17133107781410217,88382.33333333333,0.2660271860733807,0.24239899513930901,1.223027226406484,0.07629352774121526,0.3904998264045161,0.19306978955883095,6.8347029134828405,0.05787475649781776,78005.0
2025-04-17,173,0.77195805311203,0.005102289374917746,0.2229396402835846,87994.16666666667,0.20840343073903442,0.1852835676068659,1.2284223386019906,0.34194312122962695,0.14998702126153338,0.19041649658502124,13.756994308792207,0.08772308077037387,84489.0
2025-04-18,174,0.03477538377046585,0.0687597468495369,0.8964648246765137,84060.0,0.18094088810834116,0.15308027091729917,1.2599214846538187,0.03313109683559362,0.6452620279106079,0.16680870415234217,11.829100368662427,0.12183098094925628,113310.0
2025-04-19,175,0.2960469424724579,0.4632530212402344,0.24069996178150177,89327.66666666667,0.1813714616609094,0.16205407170455643,1.2684759854169854,0.08285227047984386,1.4043797621631502,0.2043875985237147,16.89957072354057,0.10214662654400251,88151.0
2025-04-20,176,0.11325856298208237,0.009241759777069092,0.8774996399879456,86368.0,0.18373948529561143,0.15878467057244372,1.3119442386068914,0.08671035568729159,0.6508682328907048,0.1883986133864897,16.900367000068027,0.14469604618092904,109005.0
2025-04-21,177,0.4996553659439087,0.41230273246765137,0.08804186433553696,91091.83333333333,0.21048354974205336,0.18856651890519155,1.2439095345173643,0.388772502474609,0.9387349734125096,0.19254271238595236,14.779336504133116,0.10899556158671217,83259.0
2025-04-22,178,0.9133710265159607,0.07012031972408295,0.01650867611169815,92703.16666666667,0.23294002815377682,0.2238086868642632,1.2222883432604783,0.05667551809628941,0.15134734239802225,0.1744544131812797,8.54411934004905,0.0495887027487664,74532.99998474121
2025-04-23,179,0.7717311382293701,0.0059018852189183235,0.22236692905426025,92124.49999745686,0.23352198365387644,0.22814520885197337,1.2299659699985126,0.10807114302420777,0.5827935730659476,0.1774292903736979,10.241272924308216,0.043631055071626255,77814.00001525879
2025-04-24,180,0.7056134939193726,0.0024802477564662695,0.2919062674045563,91012.0,0.18738735370143925,0.16872509691963147,1.2450006592537248,0.39001450341428834,0.3205606048203823,0.19548382582136006,8.799756515656824,0.04219522052194148,79758.0
2025-04-25,181,0.024153048172593117,0.00835254043340683,0.9674944281578064,85420.0,0.16194135041252847,0.12931424907721684,1.2761062982907985,0.09825567782720675,0.202885952981206,0.17276008788185693,11.716663228962291,0.06422003032027082,97869.0
2025-04-26,182,0.21728086471557617,0.36841464042663574,0.4143044650554657,87039.66666666667,0.15587087977079517,0.1274148615256408,1.2523600350797912,0.12794166644326915,1.0278955807974952,0.1714846628621549,17.801752736721944,0.19507528959100387,93369.0
2025-04-27,183,0.07790185511112213,0.027042292058467865,0.8950558304786682,84433.66666666667,0.16299089364766325,0.08937262747930791,1.1591229406911145,0.1197389666839057,0.9457002759496616,0.16080881183846077,15.214718698549266,0.13906568723820384,94400.0
2025-04-28,184,0.2962014079093933,0.1400381624698639,0.5637603998184204,86290.5,0.1542551394408116,0.07061997191789995,1.1341804717784691,0.23023391932204343,0.49465827175186067,0.16056485947869684,9.62714837610341,0.13105046364513454,87735.0
2025-04-29,185,0.512267529964447,0.0606335885822773,0.42709892988204956,88490.83333587646,0.15418662148479112,0.07593658068134077,1.105978962007598,0.11211330722906619,0.22736077481840195,0.14762011945895318,27.588711601819284,0.24476199306817198,105048.0
2025-04-30,186,0.49846839904785156,0.27148643136024475,0.23004519939422607,93029.83333333333,0.2161844338854632,0.11040662601715782,1.1291861571288064,0.27184827806133877,1.420608914198454,0.19208639883397666,40.29208468839066,0.2749679081002307,89155.0
2025-05-01,187,0.4811263978481293,0.03506381809711456,0.48380979895591736,94596.0,0.24415384323281977,0.09525029447820038,1.1104909298490422,0.09211805996025202,0.6962057925146284,0.26832446912727975,25.972022613363926,0.3098249623785967,99543.0
2025-05-02,188,0.38369667530059814,0.025287970900535583,0.5910153388977051,94875.0,0.24283150753987814,0.10935756437938064,1.1072252964426879,0.06507509881422925,0.703028420562199,0.2941643204823736,101.11694978560146,0.25160152522420887,105089.9999923706
2025-05-03,189,0.6654131412506104,0.00843610055744648,0.3261507451534271,96828.49999872844,0.3126549000422532,0.11829405493081291,1.0853209539934074,0.11040137968171548,0.6147817191602443,0.29737958595256175,29.462049469371248,0.18840441178015696,106590.0
2025-05-04,190,0.5390164852142334,0.0063946726731956005,0.4545888602733612,98860.1666653951,0.3463777947492856,0.10702798820855415,1.0781895640614032,0.19072393498806414,0.32222847509614,0.3251933724168402,32.89772084611376,0.23680693596649316,97425.0
2025-05-05,191,0.5328959226608276,0.39537760615348816,0.07172650098800659,100475.1666653951,0.4506926048795782,0.08475814787895711,1.0608591509479022,0.07586949345788402,0.6835789479173993,0.3156384938046471,28.49858020419861,0.2065649921538296,82224.0
2025-05-06,192,0.8009211421012878,0.08527474850416183,0.11380410194396973,96671.1666653951,0.45593257716485214,0.08570514213105135,1.1026038443183028,0.07169666239769357,1.30280632233277,0.33210407995041313,49.114681190644376,0.29210120942156775,93576.0
2025-05-07,193,0.966735303401947,0.02877162955701351,0.004492976702749729,97407.99999872844,0.5387787233914729,0.0900142821422671,1.0942633048763082,0.06125780223470242,0.5355155486158477,0.3480229055531808,27.69934121674742,0.2206258399389748,69616.0
2025-05-08,194,0.9068948030471802,0.0005038793897256255,0.09260132163763046,92420.1666653951,0.5076975422279915,0.1300790617087366,1.1533197119834941,0.38383397555214693,1.4291551069431552,0.37001178257956413,10.266007499836771,0.07245040663911775,69184.0
2025-05-09,195,0.2054697573184967,0.002247621538117528,0.7922825813293457,86435.83333333333,0.47961529343527376,0.12846545972050993,1.23316911388988,0.43276033280950227,0.7898796146825774,0.3743619918429432,24.8500184919871,0.2418349028191337,96299.0
2025-05-10,196,0.3851874768733978,0.31510964035987854,0.29970288276672363,84720.66666666667,0.36946328541182105,0.1896539003303007,1.1499555401672947,0.013290735829903762,0.36756709445192065,0.34868394094870314,20.381310727525072,0.1488352228946116,74874.0
2025-05-11,197,0.01182557363063097,0.0011165556497871876,0.9870578646659851,80962.16666666667,0.33778670637165453,0.20294518519419902,1.1894321010019082,0.09078314356705704,0.18553578190079514,0.3649764992426626,18.889380476961957,0.1807435809865702,92264.0
2025-05-12,198,0.6609413623809814,0.27042967081069946,0.06862901896238327,82635.5,0.27003138192957815,0.22178418088325552,1.1653466125333543,0.015876953609526172,0.38960457040439117,0.2522808957068636,17.968093627590886,0.10673632557734769,73733.0
2025-05-13,199,0.9107392430305481,0.07510486990213394,0.014155815355479717,79328.33333333333,0.24105650687070415,0.21074398256107374,1.213929449335042,0.05189822887997143,0.033031772454223056,0.17845897203845018,10.362831797394216,0.042203506375510576,70023.0
2025-05-14,200,0.6314666271209717,0.017886009067296982,0.35064733028411865,79396.16666666667,0.2409441412475085,0.21956622519322383,1.2128923100821407,0.010567260803943095,0.25229871507721324,0.17667299242702308,7.377455770452454,0.046399824486633774,74165.0
2025-05-15,201,0.7143449187278748,0.01399341132491827,0.271661639213562,80226.33333333333,0.18112516304141363,0.15301144801336425,1.2003415337441157,0.27589444862243906,0.025185606195161806,0.17306476770573706,14.922038603321298,0.08797501886391296,72649.9999923706
2025-05-16,202,0.033607881516218185,0.030676597729325294,0.9357154965400696,76284.83333206177,0.16008721923321714,0.11260010551194696,1.209467150545931,0.029153894824001263,0.7314189208582105,0.15433971807262595,24.155374568491304,0.16780474098336018,110039.0
2025-05-17,203,0.2852361798286438,0.5165083408355713,0.19825543463230133,82145.6666653951,0.24072006222153633,0.1690778460877677,1.3395594005977594,0.2163839033944799,2.4354691761017735,0.2438280219875914,26.44932042170662,0.15174646919989948,81242.0
2025-05-19,204,0.27691665291786194,0.05292156711220741,0.670161783695221,80308.6666653951,0.2668941648764757,0.18124795756004192,1.3702008085687178,0.09350173912469673,1.1130952371231406,0.23157511842685255,18.347733188307522,0.1713605783342289,76811.0
2025-05-20,205,0.6767450571060181,0.14808331429958344,0.1751716434955597,80821.6666653951,0.27990612081857774,0.18209277188291467,1.3615037222081279,0.08398737962312246,0.1861937933902738,0.23555229607237438,11.463367818583999,0.060470229947724,69299.0
2025-05-21,206,0.9532696604728699,0.026826387271285057,0.019903911277651787,80700.99999872844,0.2978366533381725,0.1898220717802784,1.3635394852818903,0.060296650600075226,0.8710154098959975,0.23711303515232124,11.668306539857237,0.03778436737513135,72614.0
2025-05-22,207,0.17273876070976257,0.00840974785387516,0.8188515305519104,80442.49999872844,0.2878067808951775,0.19530382431510068,1.3679211859618907,0.0004475245345579081,0.28177733341958466,0.23508976661238995,14.555068729349449,0.1293929958549799,74803.0
2025-05-23,208,0.2935025691986084,0.046910423785448074,0.659587025642395,80801.33333333333,0.16950043278085983,0.09840385248774672,1.3618463391693207,0.43608191283972214,0.14398393804675175,0.22980000993875396,23.39161953706028,0.22261042281444057,103783.0
2025-05-24,209,0.15502919256687164,0.5453968048095703,0.29957398772239685,79758.66666666667,0.19863358005742093,0.12354775083381557,1.301212825356492,0.28261505541717513,4.012046464936183,0.18503853403130577,21.482196806669926,0.13301416252946452,74305.00001525879
2025-05-25,210,0.12592411041259766,0.008407407440245152,0.865668535232544,78602.50000254314,0.22043351261688052,0.16944659135914236,1.3203524060512346,0.03188193740224714,0.07609442819493703,0.187785022783469,12.74932223768455,0.10545208503803642,92509.0
2025-05-26,211,0.6038733720779419,0.2956649959087372,0.10046163946390152,81218.83333587646,0.24044229161540115,0.19888494141086416,1.2778193891410696,0.28577115733756225,1.1933602510292218,0.2015837632372639,11.631055508836898,0.08029284554125557,71623.0
